UniProt Acc (canonical),Gene Symbol  (primary ),GO,KW,CAZY,CFG,InterPro,Pfam,Protein names
A0PJZ3-1,GXYLT2,X,X,,,X,X,Glucoside xylosyltransferase 2 (EC 2.4.2.n2) (Glycosyltransferase 8 domain-containing protein 4)
A4D126-1,ISPD,,,,,X,,Isoprenoid synthase domain-containing protein (EC 2.7.7.-) (2-C-methyl-D-erythritol 4-phosphate cytidylyltransferase-like protein)
A6NG13-1,MGAT4D,X,X,X,,X,X,"Alpha-1,3-mannosyl-glycoprotein 4-beta-N-acetylglucosaminyltransferase-like protein MGAT4D (EC 2.4.1.-)"
A8MXE2-1,,X,X,,,X,X,"Putative UDP-GlcNAc:betaGal beta-1,3-N-acetylglucosaminyltransferase LOC100288842 (EC 2.4.1.-) (Putative UDP-GlcNAc:betaGal beta-1,3-N-acetylglucosaminyltransferase LOC402377) (UDP-GlcNAc:betaGal beta-1,3-N-acetylglucosaminyltransferase 5 pseudogene)"
C9J202-1,ALG1L2,X,X,,,X,,Putative glycosyltransferase ALG1L2 (EC 2.4.1.-)
O00219-1,HAS3,X,X,X,,X,X,Hyaluronan synthase 3 (EC 2.4.1.212) (Hyaluronate synthase 3) (Hyaluronic acid synthase 3) (HA synthase 3)
O00587-1,MFNG,X,X,X,,X,X,"Beta-1,3-N-acetylglucosaminyltransferase manic fringe (EC 2.4.1.222) (O-fucosylpeptide 3-beta-N-acetylglucosaminyltransferase)"
O15294-1,OGT,X,X,X,,X,X,UDP-N-acetylglucosamine--peptide N-acetylglucosaminyltransferase 110 kDa subunit (EC 2.4.1.255) (O-GlcNAc transferase subunit p110) (O-linked N-acetylglucosamine transferase 110 kDa subunit) (OGT)
O15466-1,ST8SIA5,X,X,X,X,X,X,"Alpha-2,8-sialyltransferase 8E (EC 2.4.99.-) (Sialyltransferase 8E) (SIAT8-E) (Sialyltransferase St8Sia V) (ST8SiaV)"
O15488-1,GYG2,X,,X,,X,X,Glycogenin-2 (GN-2) (GN2) (EC 2.4.1.186)
O43173-1,ST8SIA3,X,X,X,X,X,X,"Sia-alpha-2,3-Gal-beta-1,4-GlcNAc-R:alpha 2,8-sialyltransferase (EC 2.4.99.-) (Alpha-2,8-sialyltransferase 8C) (Alpha-2,8-sialyltransferase III) (ST8 alpha-N-acetyl-neuraminide alpha-2,8-sialyltransferase 3) (Sialyltransferase 8C) (SIAT8-C) (Sialyltransferase St8Sia III) (ST8SiaIII)"
O43286-1,B4GALT5,X,X,X,X,X,X,"Beta-1,4-galactosyltransferase 5 (Beta-1,4-GalTase 5) (Beta4Gal-T5) (b4Gal-T5) (EC 2.4.1.-) (Beta-1,4-GalT II) (UDP-Gal:beta-GlcNAc beta-1,4-galactosyltransferase 5) (UDP-galactose:beta-N-acetylglucosamine beta-1,4-galactosyltransferase 5)"
O43505-1,B4GAT1,X,X,X,X,,,"Beta-1,4-glucuronyltransferase 1 (EC 2.4.1.-) (I-beta-1,3-N-acetylglucosaminyltransferase) (iGnT) (N-acetyllactosaminide beta-1,3-N-acetylglucosaminyltransferase) (Poly-N-acetyllactosamine extension enzyme) (UDP-GlcNAc:betaGal beta-1,3-N-acetylglucosaminyltransferase 1)"
O43598-1,DNPH1,X,,,,X,X,2'-deoxynucleoside 5'-phosphate N-hydrolase 1 (EC 3.2.2.-) (c-Myc-responsive protein RCL)
O43825-1,B3GALT2,X,X,X,X,X,X,"Beta-1,3-galactosyltransferase 2 (Beta-1,3-GalTase 2) (Beta3Gal-T2) (Beta3GalT2) (EC 2.4.1.-) (UDP-galactose:2-acetamido-2-deoxy-D-glucose 3beta-galactosyltransferase 2)"
O43909-1,EXTL3,X,X,X,,X,X,Exostosin-like 3 (EC 2.4.1.223) (EXT-related protein 1) (Glucuronyl-galactosyl-proteoglycan 4-alpha-N-acetylglucosaminyltransferase) (Hereditary multiple exostoses gene isolog) (Multiple exostosis-like protein 3) (Putative tumor suppressor protein EXTL3)
O60512-1,B4GALT3,X,X,X,X,X,X,"Beta-1,4-galactosyltransferase 3 (Beta-1,4-GalTase 3) (Beta4Gal-T3) (b4Gal-T3) (EC 2.4.1.-) (UDP-Gal:beta-GlcNAc beta-1,4-galactosyltransferase 3) (UDP-galactose:beta-N-acetylglucosamine beta-1,4-galactosyltransferase 3) [Includes: N-acetyllactosamine synthase (EC 2.4.1.90) (Nal synthase); Beta-N-acetylglucosaminylglycopeptide beta-1,4-galactosyltransferase (EC 2.4.1.38); Beta-N-acetylglucosaminyl-glycolipid beta-1,4-galactosyltransferase (EC 2.4.1.-)]"
O60513-1,B4GALT4,X,X,X,X,X,X,"Beta-1,4-galactosyltransferase 4 (Beta-1,4-GalTase 4) (Beta4Gal-T4) (b4Gal-T4) (EC 2.4.1.-) (UDP-Gal:beta-GlcNAc beta-1,4-galactosyltransferase 4) (UDP-galactose:beta-N-acetylglucosamine beta-1,4-galactosyltransferase 4) [Includes: N-acetyllactosamine synthase (EC 2.4.1.90) (Nal synthase); Lactotriaosylceramide beta-1,4-galactosyltransferase (EC 2.4.1.275) (Beta-N-acetylglucosaminyl-glycolipid beta-1,4-galactosyltransferase)]"
O60568-1,PLOD3,X,,,,X,,"Procollagen-lysine,2-oxoglutarate 5-dioxygenase 3 (EC 1.14.11.4) (Lysyl hydroxylase 3) (LH3)"
O60656-1,UGT1A9,X,X,X,,X,X,UDP-glucuronosyltransferase 1-9 (UDPGT 1-9) (UGT1*9) (UGT1-09) (UGT1.9) (EC 2.4.1.17) (UDP-glucuronosyltransferase 1-I) (UGT-1I) (UGT1I) (UDP-glucuronosyltransferase 1A9) (lugP4)
O60762-1,DPM1,X,X,X,,X,X,Dolichol-phosphate mannosyltransferase subunit 1 (EC 2.4.1.83) (Dolichol-phosphate mannose synthase subunit 1) (DPM synthase subunit 1) (Dolichyl-phosphate beta-D-mannosyltransferase subunit 1) (Mannose-P-dolichol synthase subunit 1) (MPD synthase subunit 1)
O60909-1,B4GALT2,X,X,X,X,X,X,"Beta-1,4-galactosyltransferase 2 (Beta-1,4-GalTase 2) (Beta4Gal-T2) (b4Gal-T2) (EC 2.4.1.-) (UDP-Gal:beta-GlcNAc beta-1,4-galactosyltransferase 2) (UDP-galactose:beta-N-acetylglucosamine beta-1,4-galactosyltransferase 2) [Includes: Lactose synthase A protein (EC 2.4.1.22); N-acetyllactosamine synthase (EC 2.4.1.90) (Nal synthase); Beta-N-acetylglucosaminylglycopeptide beta-1,4-galactosyltransferase (EC 2.4.1.38); Beta-N-acetylglucosaminyl-glycolipid beta-1,4-galactosyltransferase (EC 2.4.1.-)]"
O75310-1,UGT2B11,X,X,X,,X,X,UDP-glucuronosyltransferase 2B11 (UDPGT 2B11) (EC 2.4.1.17)
O75752-1,B3GALNT1,X,X,X,X,X,X,"UDP-GalNAc:beta-1,3-N-acetylgalactosaminyltransferase 1 (Beta-1,3-GalNAc-T1) (EC 2.4.1.79) (Beta-1,3-galactosyltransferase 3) (Beta-1,3-GalTase 3) (Beta3Gal-T3) (Beta3GalT3) (b3Gal-T3) (Beta-3-Gx-T3) (Galactosylgalactosylglucosylceramide beta-D-acetyl-galactosaminyltransferase) (Globoside synthase) (UDP-N-acetylgalactosamine:globotriaosylceramide beta-1,3-N-acetylgalactosaminyltransferase)"
O75795-1,UGT2B17,X,X,X,,X,X,UDP-glucuronosyltransferase 2B17 (UDPGT 2B17) (EC 2.4.1.17) (C19-steroid-specific UDP-glucuronosyltransferase) (C19-steroid-specific UDPGT)
O94766-1,B3GAT3,X,,X,,X,X,"Galactosylgalactosylxylosylprotein 3-beta-glucuronosyltransferase 3 (EC 2.4.1.135) (Beta-1,3-glucuronyltransferase 3) (Glucuronosyltransferase I) (GlcAT-I) (UDP-GlcUA:Gal beta-1,3-Gal-R glucuronyltransferase) (GlcUAT-I)"
O95045-1,UPP2,X,X,,,,,Uridine phosphorylase 2 (UPase 2) (UrdPase 2) (EC 2.4.2.3)
O95271-1,TNKS,X,X,,,X,X,Tankyrase-1 (TANK1) (EC 2.4.2.30) (ADP-ribosyltransferase diphtheria toxin-like 5) (ARTD5) (Poly [ADP-ribose] polymerase 5A) (TNKS-1) (TRF1-interacting ankyrin-related ADP-ribose polymerase) (Tankyrase I)
O95395-1,GCNT3,X,X,X,X,X,X,"Beta-1,3-galactosyl-O-glycosyl-glycoprotein beta-1,6-N-acetylglucosaminyltransferase 3 (EC 2.4.1.102) (EC 2.4.1.150) (C2GnT-mucin type) (C2GnT-M) (hC2GnT-M) (Core 2/core 4 beta-1,6-N-acetylglucosaminyltransferase) (C2/4GnT)"
O95461-1,LARGE,X,X,X,,X,X,"Glycosyltransferase-like protein LARGE1 (EC 2.4.-.-) (Acetylglucosaminyltransferase-like 1A) [Includes: Xylosyltransferase LARGE (EC 2.4.2.-); Beta-1,3-glucuronyltransferase LARGE (EC 2.4.1.-)]"
O96024-1,B3GALT4,X,,,,,,"Beta-1,3-galactosyltransferase 4 (Beta-1,3-GalTase 4) (Beta3Gal-T4) (Beta3GalT4) (GalT4) (b3Gal-T4) (EC 2.4.1.62) (Gal-T2) (Ganglioside galactosyltransferase) (UDP-galactose:beta-N-acetyl-galactosamine-beta-1,3-galactosyltransferase)"
P00491-1,PNP,X,X,X,X,X,X,Purine nucleoside phosphorylase (PNP) (EC 2.4.2.1) (Inosine phosphorylase) (Inosine-guanosine phosphorylase)
P00492-1,HPRT1,X,X,,,X,,Hypoxanthine-guanine phosphoribosyltransferase (HGPRT) (HGPRTase) (EC 2.4.2.8)
P00709-1,LALBA,X,X,,,,X,Alpha-lactalbumin (Lactose synthase B protein) (Lysozyme-like protein 7)
P04843-1,RPN1,X,X,,,X,,Dolichyl-diphosphooligosaccharide--protein glycosyltransferase subunit 1 (EC 2.4.99.18) (Dolichyl-diphosphooligosaccharide--protein glycosyltransferase 67 kDa subunit) (Ribophorin I) (RPN-I) (Ribophorin-1)
P04844-1,RPN2,X,X,,,X,,Dolichyl-diphosphooligosaccharide--protein glycosyltransferase subunit 2 (EC 2.4.99.18) (Dolichyl-diphosphooligosaccharide--protein glycosyltransferase 63 kDa subunit) (RIBIIR) (Ribophorin II) (RPN-II) (Ribophorin-2)
P06133-1,UGT2B4,X,X,X,,X,X,UDP-glucuronosyltransferase 2B4 (UDPGT 2B4) (EC 2.4.1.17) (HLUG25) (Hyodeoxycholic acid-specific UDPGT) (UDPGTh-1)
P06737-1,PYGL,X,X,X,,X,,"Glycogen phosphorylase, liver form (EC 2.4.1.1)"
P06865-1,HEXA,X,,,,X,,Beta-hexosaminidase subunit alpha (EC 3.2.1.52) (Beta-N-acetylhexosaminidase subunit alpha) (Hexosaminidase subunit A) (N-acetyl-beta-glucosaminidase subunit alpha)
P07686-1,HEXB,X,,,,X,,Beta-hexosaminidase subunit beta (EC 3.2.1.52) (Beta-N-acetylhexosaminidase subunit beta) (Hexosaminidase subunit B) (Cervical cancer proto-oncogene 7 protein) (HCC-7) (N-acetyl-beta-glucosaminidase subunit beta) [Cleaved into: Beta-hexosaminidase subunit beta chain B; Beta-hexosaminidase subunit beta chain A]
P07741-1,APRT,X,X,,,X,X,Adenine phosphoribosyltransferase (APRT) (EC 2.4.2.7)
P09874-1,PARP1,X,X,,,X,X,Poly [ADP-ribose] polymerase 1 (PARP-1) (EC 2.4.2.30) (ADP-ribosyltransferase diphtheria toxin-like 1) (ARTD1) (NAD(+) ADP-ribosyltransferase 1) (ADPRT 1) (Poly[ADP-ribose] synthase 1)
P11172-1,UMPS,X,X,,,,X,Uridine 5'-monophosphate synthase (UMP synthase) [Includes: Orotate phosphoribosyltransferase (OPRT) (OPRTase) (EC 2.4.2.10); Orotidine 5'-phosphate decarboxylase (ODC) (EC 4.1.1.23) (OMPdecase)]
P11216-1,PYGB,X,X,X,,X,,"Glycogen phosphorylase, brain form (EC 2.4.1.1)"
P11217-1,PYGM,X,X,X,,X,,"Glycogen phosphorylase, muscle form (EC 2.4.1.1) (Myophosphorylase)"
P13807-1,GYS1,X,X,X,,X,X,"Glycogen [starch] synthase, muscle (EC 2.4.1.11)"
P15291-1,B4GALT1,X,X,X,X,X,X,"Beta-1,4-galactosyltransferase 1 (Beta-1,4-GalTase 1) (Beta4Gal-T1) (b4Gal-T1) (EC 2.4.1.-) (UDP-Gal:beta-GlcNAc beta-1,4-galactosyltransferase 1) (UDP-galactose:beta-N-acetylglucosamine beta-1,4-galactosyltransferase 1) [Cleaved into: Processed beta-1,4-galactosyltransferase 1] [Includes: Lactose synthase A protein (EC 2.4.1.22); N-acetyllactosamine synthase (EC 2.4.1.90) (Nal synthase); Beta-N-acetylglucosaminylglycopeptide beta-1,4-galactosyltransferase (EC 2.4.1.38); Beta-N-acetylglucosaminyl-glycolipid beta-1,4-galactosyltransferase (EC 2.4.1.-)]"
P15907-1,ST6GAL1,X,X,X,X,X,X,"Beta-galactoside alpha-2,6-sialyltransferase 1 (Alpha 2,6-ST 1) (EC 2.4.99.1) (B-cell antigen CD75) (CMP-N-acetylneuraminate-beta-galactosamide-alpha-2,6-sialyltransferase 1) (ST6Gal I) (ST6GalI) (Sialyltransferase 1)"
P16442-1,ABO,X,X,X,X,X,X,Histo-blood group ABO system transferase (Fucosylglycoprotein 3-alpha-galactosyltransferase) (Fucosylglycoprotein alpha-N-acetylgalactosaminyltransferase) (Glycoprotein-fucosylgalactoside alpha-N-acetylgalactosaminyltransferase) (EC 2.4.1.40) (Glycoprotein-fucosylgalactoside alpha-galactosyltransferase) (EC 2.4.1.37) (Histo-blood group A transferase) (A transferase) (Histo-blood group B transferase) (B transferase) (NAGAT) [Cleaved into: Fucosylglycoprotein alpha-N-acetylgalactosaminyltransferase soluble form]
P16662-1,UGT2B7,X,X,X,,X,X,"UDP-glucuronosyltransferase 2B7 (UDPGT 2B7) (EC 2.4.1.17) (3,4-catechol estrogen-specific UDPGT) (UDP-glucuronosyltransferase 2B9) (UDPGT 2B9) (UDPGTh-2)"
P19224-1,UGT1A6,X,X,X,,X,X,UDP-glucuronosyltransferase 1-6 (UDPGT 1-6) (UGT1*6) (UGT1-06) (UGT1.6) (EC 2.4.1.17) (Phenol-metabolizing UDP-glucuronosyltransferase) (UDP-glucuronosyltransferase 1-F) (UGT-1F) (UGT1F) (UDP-glucuronosyltransferase 1A6)
P19526-1,FUT1,X,X,X,X,X,X,"Galactoside 2-alpha-L-fucosyltransferase 1 (EC 2.4.1.69) (Alpha(1,2)FT 1) (Blood group H alpha 2-fucosyltransferase) (Fucosyltransferase 1) (GDP-L-fucose:beta-D-galactoside 2-alpha-L-fucosyltransferase 1)"
P19971-1,TYMP,X,X,,,X,X,Thymidine phosphorylase (TP) (EC 2.4.2.4) (Gliostatin) (Platelet-derived endothelial cell growth factor) (PD-ECGF) (TdRPase)
P21217-1,FUT3,X,X,X,X,X,X,Galactoside 3(4)-L-fucosyltransferase (EC 2.4.1.65) (Blood group Lewis alpha-4-fucosyltransferase) (Lewis FT) (Fucosyltransferase 3) (Fucosyltransferase III) (FucT-III)
P22083-1,FUT4,X,X,X,X,X,X,"Alpha-(1,3)-fucosyltransferase 4 (EC 2.4.1.-) (ELAM-1 ligand fucosyltransferase) (Fucosyltransferase 4) (Fucosyltransferase IV) (Fuc-TIV) (FucT-IV) (Galactoside 3-L-fucosyltransferase)"
P22309-1,UGT1A1,X,X,X,,X,X,UDP-glucuronosyltransferase 1-1 (UDPGT 1-1) (UGT1*1) (UGT1-01) (UGT1.1) (EC 2.4.1.17) (Bilirubin-specific UDPGT isozyme 1) (hUG-BR1) (UDP-glucuronosyltransferase 1-A) (UGT-1A) (UGT1A) (UDP-glucuronosyltransferase 1A1)
P22310-1,UGT1A4,X,X,X,,X,X,UDP-glucuronosyltransferase 1-4 (UDPGT 1-4) (UGT1*4) (UGT1-04) (UGT1.4) (EC 2.4.1.17) (Bilirubin-specific UDPGT isozyme 2) (hUG-BR2) (UDP-glucuronosyltransferase 1-D) (UGT-1D) (UGT1D) (UDP-glucuronosyltransferase 1A4)
P26572-1,MGAT1,X,X,X,X,X,X,"Alpha-1,3-mannosyl-glycoprotein 2-beta-N-acetylglucosaminyltransferase (EC 2.4.1.101) (N-glycosyl-oligosaccharide-glycoprotein N-acetylglucosaminyltransferase I) (GNT-I) (GlcNAc-T I)"
P35503-1,UGT1A3,X,X,X,,X,X,UDP-glucuronosyltransferase 1-3 (UDPGT 1-3) (UGT1*3) (UGT1-03) (UGT1.3) (EC 2.4.1.17) (UDP-glucuronosyltransferase 1-C) (UGT-1C) (UGT1C) (UDP-glucuronosyltransferase 1A3)
P35504-1,UGT1A5,X,X,X,,X,X,UDP-glucuronosyltransferase 1-5 (UDPGT 1-5) (UGT1*5) (UGT1-05) (UGT1.5) (EC 2.4.1.17) (UDP-glucuronosyltransferase 1-E) (UGT-1E) (UGT1E) (UDP-glucuronosyltransferase 1A5)
P35573-1,AGL,X,X,X,,,X,"Glycogen debranching enzyme (Glycogen debrancher) [Includes: 4-alpha-glucanotransferase (EC 2.4.1.25) (Oligo-1,4-1,4-glucantransferase); Amylo-alpha-1,6-glucosidase (Amylo-1,6-glucosidase) (EC 3.2.1.33) (Dextrin 6-alpha-D-glucosidase)]"
P36537-1,UGT2B10,X,X,,,X,X,UDP-glucuronosyltransferase 2B10 (UDPGT 2B10) (EC 2.4.1.17)
P37287-1,PIGA,X,X,X,,X,X,Phosphatidylinositol N-acetylglucosaminyltransferase subunit A (EC 2.4.1.198) (GlcNAc-PI synthesis protein) (Phosphatidylinositol-glycan biosynthesis class A protein) (PIG-A)
P39656-1,DDOST,X,X,,,X,,Dolichyl-diphosphooligosaccharide--protein glycosyltransferase 48 kDa subunit (DDOST 48 kDa subunit) (Oligosaccharyl transferase 48 kDa subunit) (EC 2.4.99.18)
P43490-1,NAMPT,X,X,,,X,,Nicotinamide phosphoribosyltransferase (NAmPRTase) (Nampt) (EC 2.4.2.12) (Pre-B-cell colony-enhancing factor 1) (Pre-B cell-enhancing factor) (Visfatin)
P46976-1,GYG1,X,,X,,X,X,Glycogenin-1 (GN-1) (GN1) (EC 2.4.1.186)
P46977-1,STT3A,X,X,X,,X,,Dolichyl-diphosphooligosaccharide--protein glycosyltransferase subunit STT3A (Oligosaccharyl transferase subunit STT3A) (STT3-A) (EC 2.4.99.18) (B5) (Integral membrane protein 1) (Transmembrane protein TMC)
P51993-1,FUT6,X,X,X,X,X,X,"Alpha-(1,3)-fucosyltransferase 6 (EC 2.4.1.65) (Fucosyltransferase 6) (Fucosyltransferase VI) (Fuc-TVI) (FucT-VI) (Galactoside 3-L-fucosyltransferase)"
P52961-1,ART1,X,X,,,X,X,GPI-linked NAD(P)(+)--arginine ADP-ribosyltransferase 1 (EC 2.4.2.31) (ADP-ribosyltransferase C2 and C3 toxin-like 1) (ARTC1) (Mono(ADP-ribosyl)transferase 1) (CD antigen CD296)
P54840-1,GYS2,X,X,X,,X,X,"Glycogen [starch] synthase, liver (EC 2.4.1.11)"
P54855-1,UGT2B15,X,X,X,,X,X,UDP-glucuronosyltransferase 2B15 (UDPGT 2B15) (EC 2.4.1.17) (HLUG4) (UDP-glucuronosyltransferase 2B8) (UDPGT 2B8) (UDPGTh-3)
P57054-1,PIGP,X,X,,,,,Phosphatidylinositol N-acetylglucosaminyltransferase subunit P (EC 2.4.1.198) (Down syndrome critical region protein 5) (Down syndrome critical region protein C) (Phosphatidylinositol-glycan biosynthesis class P protein) (PIG-P)
P61647-1,ST8SIA6,X,X,X,X,X,X,"Alpha-2,8-sialyltransferase 8F (EC 2.4.99.-) (Sialyltransferase 8F) (SIAT8-F) (Sialyltransferase St8Sia VI) (ST8SiaVI)"
P61803-1,DAD1,X,X,,,X,X,Dolichyl-diphosphooligosaccharide--protein glycosyltransferase subunit DAD1 (Oligosaccharyl transferase subunit DAD1) (EC 2.4.99.18) (Defender against cell death 1) (DAD-1)
Q00973-1,B4GALNT1,X,X,,X,X,X,"Beta-1,4 N-acetylgalactosaminyltransferase 1 (EC 2.4.1.92) ((N-acetylneuraminyl)-galactosylglucosylceramide) (GM2/GD2 synthase) (GalNAc-T)"
Q02742-1,GCNT1,X,X,X,X,X,X,"Beta-1,3-galactosyl-O-glycosyl-glycoprotein beta-1,6-N-acetylglucosaminyltransferase (EC 2.4.1.102) (Core 2-branching enzyme) (Core2-GlcNAc-transferase) (C2GNT) (Core 2 GNT)"
Q04446-1,GBE1,X,X,,,,,"1,4-alpha-glucan-branching enzyme (EC 2.4.1.18) (Brancher enzyme) (Glycogen-branching enzyme)"
Q06203-1,PPAT,X,X,,,,X,Amidophosphoribosyltransferase (ATase) (EC 2.4.2.14) (Glutamine phosphoribosylpyrophosphate amidotransferase) (GPAT)
Q09327-1,MGAT3,X,X,X,X,X,X,"Beta-1,4-mannosyl-glycoprotein 4-beta-N-acetylglucosaminyltransferase (EC 2.4.1.144) (N-glycosyl-oligosaccharide-glycoprotein N-acetylglucosaminyltransferase III) (GNT-III) (GlcNAc-T III) (N-acetylglucosaminyltransferase III)"
Q09328-1,MGAT5,X,X,X,X,X,,"Alpha-1,6-mannosylglycoprotein 6-beta-N-acetylglucosaminyltransferase A (EC 2.4.1.155) (Alpha-mannoside beta-1,6-N-acetylglucosaminyltransferase) (GlcNAc-T V) (GNT-V) (Mannoside acetylglucosaminyltransferase 5) (N-acetylglucosaminyl-transferase V)"
Q10469-1,MGAT2,X,X,X,X,X,,"Alpha-1,6-mannosyl-glycoprotein 2-beta-N-acetylglucosaminyltransferase (EC 2.4.1.143) (Beta-1,2-N-acetylglucosaminyltransferase II) (GlcNAc-T II) (GNT-II) (Mannoside acetylglucosaminyltransferase 2) (N-glycosyl-oligosaccharide-glycoprotein N-acetylglucosaminyltransferase II)"
Q10471-1,GALNT2,X,X,X,X,X,X,Polypeptide N-acetylgalactosaminyltransferase 2 (EC 2.4.1.41) (Polypeptide GalNAc transferase 2) (GalNAc-T2) (pp-GaNTase 2) (Protein-UDP acetylgalactosaminyltransferase 2) (UDP-GalNAc:polypeptide N-acetylgalactosaminyltransferase 2) [Cleaved into: Polypeptide N-acetylgalactosaminyltransferase 2 soluble form]
Q10472-1,GALNT1,X,X,X,X,X,X,Polypeptide N-acetylgalactosaminyltransferase 1 (EC 2.4.1.41) (Polypeptide GalNAc transferase 1) (GalNAc-T1) (pp-GaNTase 1) (Protein-UDP acetylgalactosaminyltransferase 1) (UDP-GalNAc:polypeptide N-acetylgalactosaminyltransferase 1) [Cleaved into: Polypeptide N-acetylgalactosaminyltransferase 1 soluble form]
Q10981-1,FUT2,X,X,X,X,X,X,"Galactoside 2-alpha-L-fucosyltransferase 2 (EC 2.4.1.69) (Alpha(1,2)FT 2) (Fucosyltransferase 2) (GDP-L-fucose:beta-D-galactoside 2-alpha-L-fucosyltransferase 2) (SE2) (Secretor blood group alpha-2-fucosyltransferase) (Secretor factor) (Se)"
Q11128-1,FUT5,X,X,X,X,X,X,"Alpha-(1,3)-fucosyltransferase 5 (EC 2.4.1.65) (Fucosyltransferase 5) (Fucosyltransferase V) (Fuc-TV) (FucT-V) (Galactoside 3-L-fucosyltransferase)"
Q11130-1,FUT7,X,X,X,X,X,X,"Alpha-(1,3)-fucosyltransferase 7 (EC 2.4.1.-) (Fucosyltransferase 7) (Fucosyltransferase VII) (Fuc-TVII) (FucT-VII) (Galactoside 3-L-fucosyltransferase) (Selectin ligand synthase)"
Q11201-1,ST3GAL1,X,X,X,X,X,X,"CMP-N-acetylneuraminate-beta-galactosamide-alpha-2,3-sialyltransferase 1 (Alpha 2,3-ST 1) (Beta-galactoside alpha-2,3-sialyltransferase 1) (EC 2.4.99.4) (Gal-NAc6S) (Gal-beta-1,3-GalNAc-alpha-2,3-sialyltransferase) (SIATFL) (ST3Gal I) (ST3GalI) (ST3GalA.1) (ST3O) (Sialyltransferase 4A) (SIAT4-A)"
Q11203-1,ST3GAL3,X,X,X,X,X,X,"CMP-N-acetylneuraminate-beta-1,4-galactoside alpha-2,3-sialyltransferase (EC 2.4.99.6) (Beta-galactoside alpha-2,3-sialyltransferase 3) (Alpha 2,3-ST 3) (Gal beta-1,3(4) GlcNAc alpha-2,3 sialyltransferase) (N-acetyllactosaminide alpha-2,3-sialyltransferase) (ST3Gal III) (ST3GalIII) (ST3N) (Sialyltransferase 6)"
Q11206-1,ST3GAL4,X,X,X,X,X,X,"CMP-N-acetylneuraminate-beta-galactosamide-alpha-2,3-sialyltransferase 4 (Alpha 2,3-ST 4) (Beta-galactoside alpha-2,3-sialyltransferase 4) (EC 2.4.99.-) (Alpha 2,3-sialyltransferase IV) (Gal-NAc6S) (Gal-beta-1,4-GalNAc-alpha-2,3-sialyltransferase) (SAT-3) (ST-4) (ST3Gal IV) (ST3GalIV) (ST3GalA.2) (STZ) (Sialyltransferase 4C) (SIAT4-C)"
Q12794-1,HYAL1,X,,,,,,Hyaluronidase-1 (Hyal-1) (EC 3.2.1.35) (Hyaluronoglucosaminidase-1) (Lung carcinoma protein 1) (LuCa-1)
Q13126-1,MTAP,X,X,,,X,,S-methyl-5'-thioadenosine phosphorylase (EC 2.4.2.28) (5'-methylthioadenosine phosphorylase) (MTA phosphorylase) (MTAP) (MTAPase)
Q13508-1,ART3,X,X,,,X,X,Ecto-ADP-ribosyltransferase 3 (EC 2.4.2.31) (ADP-ribosyltransferase C2 and C3 toxin-like 3) (ARTC3) (Mono(ADP-ribosyl)transferase 3) (NAD(P)(+)--arginine ADP-ribosyltransferase 3)
Q14435-1,GALNT3,X,X,X,X,X,X,Polypeptide N-acetylgalactosaminyltransferase 3 (EC 2.4.1.41) (Polypeptide GalNAc transferase 3) (GalNAc-T3) (pp-GaNTase 3) (Protein-UDP acetylgalactosaminyltransferase 3) (UDP-GalNAc:polypeptide N-acetylgalactosaminyltransferase 3)
Q14442-1,PIGH,X,X,,,X,,Phosphatidylinositol N-acetylglucosaminyltransferase subunit H (EC 2.4.1.198) (Phosphatidylinositol-glycan biosynthesis class H protein) (PIG-H)
Q15274-1,QPRT,X,X,,,X,,Nicotinate-nucleotide pyrophosphorylase [carboxylating] (EC 2.4.2.19) (Quinolinate phosphoribosyltransferase [decarboxylating]) (QAPRTase) (QPRTase)
Q16394-1,EXT1,X,X,X,,X,X,Exostosin-1 (EC 2.4.1.224) (EC 2.4.1.225) (Glucuronosyl-N-acetylglucosaminyl-proteoglycan/N-acetylglucosaminyl-proteoglycan 4-alpha-N-acetylglucosaminyltransferase) (Multiple exostoses protein 1) (Putative tumor suppressor protein EXT1)
Q16739-1,UGCG,X,X,X,,X,X,Ceramide glucosyltransferase (EC 2.4.1.80) (GLCT-1) (Glucosylceramide synthase) (GCS) (UDP-glucose ceramide glucosyltransferase) (UDP-glucose:N-acylsphingosine D-glucosyltransferase)
Q16831-1,UPP1,X,X,,,,,Uridine phosphorylase 1 (UPase 1) (UrdPase 1) (EC 2.4.2.3)
Q16842-1,ST3GAL2,X,X,X,X,X,X,"CMP-N-acetylneuraminate-beta-galactosamide-alpha-2,3-sialyltransferase 2 (Alpha 2,3-ST 2) (Beta-galactoside alpha-2,3-sialyltransferase 2) (EC 2.4.99.4) (Gal-NAc6S) (Gal-beta-1,3-GalNAc-alpha-2,3-sialyltransferase) (ST3Gal II) (ST3GalII) (ST3GalA.2) (Sialyltransferase 4B) (SIAT4-B)"
Q16851-1,UGP2,,,,,X,,UTP--glucose-1-phosphate uridylyltransferase (EC 2.7.7.9) (UDP-glucose pyrophosphorylase) (UDPGP) (UGPase)
Q16880-1,UGT8,X,X,,X,X,X,2-hydroxyacylsphingosine 1-beta-galactosyltransferase (EC 2.4.1.45) (Ceramide UDP-galactosyltransferase) (Cerebroside synthase) (UDP-galactose-ceramide galactosyltransferase)
Q2NL67-1,PARP6,X,X,,,X,X,Poly [ADP-ribose] polymerase 6 (PARP-6) (EC 2.4.2.30) (ADP-ribosyltransferase diphtheria toxin-like 17) (ARTD17)
Q2PZI1-1,DPY19L1,X,X,,,X,,Probable C-mannosyltransferase DPY19L1 (EC 2.4.1.-) (Dpy-19-like protein 1) (Protein dpy-19 homolog 1)
Q2TAA5-1,ALG11,X,X,X,,X,X,"GDP-Man:Man(3)GlcNAc(2)-PP-Dol alpha-1,2-mannosyltransferase (EC 2.4.1.131) (Asparagine-linked glycosylation protein 11 homolog) (Glycolipid 2-alpha-mannosyltransferase)"
Q3SY77-1,UGT3A2,X,X,X,,X,X,UDP-glucuronosyltransferase 3A2 (UDPGT 3A2) (EC 2.4.1.17)
Q3V5L5-1,MGAT5B,X,X,X,,X,,"Alpha-1,6-mannosylglycoprotein 6-beta-N-acetylglucosaminyltransferase B (EC 2.4.1.-) (EC 2.4.1.155) (Alpha-mannoside beta-1,6-N-acetylglucosaminyltransferase B) (GlcNAc-T Vb) (GNT-Vb) (hGnTVb) (Mannoside acetylglucosaminyltransferase 5B) (N-acetylglucosaminyl-transferase Vb) (N-acetylglucosaminyltransferase IX) (GNT-IX)"
Q460N3-1,PARP15,X,X,,,X,X,Poly [ADP-ribose] polymerase 15 (PARP-15) (EC 2.4.2.30) (ADP-ribosyltransferase diphtheria toxin-like 7) (ARTD7) (B-aggressive lymphoma protein 3)
Q460N5-6,PARP14,X,X,,,X,X,Poly [ADP-ribose] polymerase 14 (PARP-14) (EC 2.4.2.30) (ADP-ribosyltransferase diphtheria toxin-like 8) (ARTD8) (B aggressive lymphoma protein 2)
Q495W5-1,FUT11,X,X,X,,X,X,"Alpha-(1,3)-fucosyltransferase 11 (EC 2.4.1.-) (Fucosyltransferase XI) (Fuc-TXI) (FucT-XI) (Galactoside 3-L-fucosyltransferase 11) (Fucosyltransferase 11)"
Q49A17-1,GALNTL6,X,X,X,,X,X,Polypeptide N-acetylgalactosaminyltransferase-like 6 (EC 2.4.1.41) (Polypeptide GalNAc transferase 17) (GalNAc-T17) (pp-GaNTase 17) (Protein-UDP acetylgalactosaminyltransferase 17) (Putative polypeptide N-acetylgalactosaminyltransferase 17) (UDP-GalNAc:polypeptide N-acetylgalactosaminyltransferase 17)
Q4AE62-1,GTDC1,X,X,X,,X,,Glycosyltransferase-like domain-containing protein 1 (Mannosyltransferase-like protein Xa) (Mat-Xa)
Q4G0N0-1,GGTA1P,X,,,,X,,"Inactive N-acetyllactosaminide alpha-1,3-galactosyltransferase (Glycoprotein alpha-galactosyltransferase 1 pseudogene)"
Q4G148-1,GXYLT1,X,X,X,,X,X,Glucoside xylosyltransferase 1 (EC 2.4.2.n2) (Glycosyltransferase 8 domain-containing protein 3)
Q53GL7-1,PARP10,X,X,,,X,X,Poly [ADP-ribose] polymerase 10 (PARP-10) (EC 2.4.2.30) (ADP-ribosyltransferase diphtheria toxin-like 10) (ARTD10)
Q5BKT4-1,ALG10,X,X,X,,X,X,"Dol-P-Glc:Glc(2)Man(9)GlcNAc(2)-PP-Dol alpha-1,2-glucosyltransferase (EC 2.4.1.256) (Alpha-1,2-glucosyltransferase ALG10-A) (Alpha-2-glucosyltransferase ALG10-A) (Asparagine-linked glycosylation protein 10 homolog A)"
Q5I7T1-1,ALG10B,X,X,,,X,X,"Putative Dol-P-Glc:Glc(2)Man(9)GlcNAc(2)-PP-Dol alpha-1,2-glucosyltransferase (EC 2.4.1.256) (Alpha-1,2-glucosyltransferase ALG10-A) (Alpha-2-glucosyltransferase ALG10-B) (Asparagine-linked glycosylation protein 10 homolog B) (Potassium channel regulator 1)"
Q5NDL2-1,EOGT,X,X,X,,X,X,EGF domain-specific O-linked N-acetylglucosamine transferase (EC 2.4.1.255) (Extracellular O-linked N-acetylglucosamine transferase)
Q5T4B2-1,CERCAM,,,X,,X,X,Probable inactive glycosyltransferase 25 family member 3 (Cerebral endothelial cell adhesion molecule)
Q5T4J0-1,GCNT6,X,X,,,X,X,"Beta-1,3-galactosyl-O-glycosyl-glycoprotein beta-1,6-N-acetylglucosaminyltransferase 6 (EC 2.4.1.-)"
Q67FW5-1,B3GNTL1,X,X,X,,X,X,"UDP-GlcNAc:betaGal beta-1,3-N-acetylglucosaminyltransferase-like protein 1 (BGnT-like protein 1) (Beta1,3-N-acetylglucosaminyltransferase-like protein 1) (Beta3Gn-T-like protein 1) (Beta3GnTL1) (EC 2.4.1.-) (Beta-1,3-N-acetylglucosaminyltransferase 8) (BGnT-8) (Beta-1,3-Gn-T8) (Beta3Gn-T8)"
Q68CQ7-1,GLT8D1,X,X,X,,X,X,Glycosyltransferase 8 domain-containing protein 1 (EC 2.4.1.-)
Q6GMV-1,ALG1L,X,X,,,X,,Putative glycosyltransferase ALG1-like (EC 2.4.1.-)
Q6IS24-1,WBSCR17,X,X,X,X,X,X,Putative polypeptide N-acetylgalactosaminyltransferase-like protein 3 (EC 2.4.1.41) (Polypeptide GalNAc transferase-like protein 3) (GalNAc-T-like protein 3) (pp-GaNTase-like protein 3) (Protein-UDP acetylgalactosaminyltransferase-like protein 3) (UDP-GalNAc:polypeptide N-acetylgalactosaminyltransferase-like protein 3) (Williams-Beuren syndrome chromosomal region 17 protein)
Q6L9W6-1,B4GALNT3,X,,X,,X,X,"Beta-1,4-N-acetylgalactosaminyltransferase 3 (B4GalNAcT3) (Beta4GalNAc-T3) (Beta4GalNAcT3) (EC 2.4.1.244) (Beta-1,4-N-acetylgalactosaminyltransferase III) (N-acetyl-beta-glucosaminyl-glycoprotein 4-beta-N-acetylgalactosaminyltransferase 2) (NGalNAc-T2)"
Q6NUS8-1,UGT3A1,X,X,X,,X,X,UDP-glucuronosyltransferase 3A1 (UDPGT 3A1) (EC 2.4.1.17)
Q6NUT2-1,DPY19L2,X,X,,,X,,Probable C-mannosyltransferase DPY19L2 (EC 2.4.1.-) (Dpy-19-like protein 2) (Protein dpy-19 homolog 2)
Q6NXN4-1,DPY19L2P1,X,X,,,X,,Putative C-mannosyltransferase DPY19L2P1 (EC 2.4.1.-) (Dpy-19-like protein 2 pseudogene 1) (Protein dpy-19 homolog 2-like 1)
Q6P4F1-1,FUT10,X,X,X,,X,X,"Alpha-(1,3)-fucosyltransferase 10 (EC 2.4.1.-) (Fucosyltransferase X) (Fuc-TX) (FucT-X) (Galactoside 3-L-fucosyltransferase 10) (Fucosyltransferase 10)"
Q6P9A2-1,GALNT18,X,X,X,,X,X,Polypeptide N-acetylgalactosaminyltransferase 18 (EC 2.4.1.41) (Polypeptide GalNAc transferase 18) (GalNAc-T18) (Polypeptide GalNAc transferase-like protein 4) (GalNAc-T-like protein 4) (pp-GaNTase-like protein 4) (Polypeptide N-acetylgalactosaminyltransferase-like protein 4) (Protein-UDP acetylgalactosaminyltransferase-like protein 4) (UDP-GalNAc:polypeptide N-acetylgalactosaminyltransferase-like protein 4)
Q6UW63-1,KDELC1,X,,X,,X,X,KDEL motif-containing protein 1 (Endoplasmic reticulum resident protein 58) (ER protein 58) (ERp58)
Q6UWM9-1,UGT2A3,X,X,X,,X,X,UDP-glucuronosyltransferase 2A3 (UDPGT 2A3) (EC 2.4.1.17)
Q6UX72-1,B3GNT9,X,X,X,,X,X,"UDP-GlcNAc:betaGal beta-1,3-N-acetylglucosaminyltransferase 9 (BGnT-9) (Beta-1,3-Gn-T9) (Beta-1,3-N-acetylglucosaminyltransferase 9) (Beta3Gn-T9) (EC 2.4.1.-)"
Q6XQN6-1,NAPRT,X,,,,X,,Nicotinate phosphoribosyltransferase (NAPRTase) (EC 6.3.4.21) (FHA-HIT-interacting protein) (Nicotinate phosphoribosyltransferase domain-containing protein 1)
Q6Y288-1,B3GLCT,X,X,X,,X,X,"Beta-1,3-glucosyltransferase (Beta3Glc-T) (EC 2.4.1.-) (Beta 3-glucosyltransferase) (Beta-3-glycosyltransferase-like)"
Q6ZMB0-1,B3GNT6,X,X,X,,X,X,"Acetylgalactosaminyl-O-glycosyl-glycoprotein beta-1,3-N-acetylglucosaminyltransferase (EC 2.4.1.147) (Core 3 synthase) (UDP-GlcNAc:betaGal beta-1,3-N-acetylglucosaminyltransferase 6) (BGnT-6) (Beta-1,3-Gn-T6) (Beta-1,3-N-acetylglucosaminyltransferase 6) (Beta3Gn-T6)"
Q6ZN68-1,DPY19L2P2,X,X,,,X,,Putative C-mannosyltransferase DPY19L2P2 (EC 2.4.1.-) (Dpy-19-like protein 2 pseudogene 2) (Protein dpy-19 homolog 2-like 2)
Q6ZNI0-1,GCNT7,X,X,X,,X,X,"Beta-1,3-galactosyl-O-glycosyl-glycoprotein beta-1,6-N-acetylglucosaminyltransferase 7 (EC 2.4.1.-)"
Q6ZNW5-1,GDPGP1,X,,,,,,GDP-D-glucose phosphorylase 1 (EC 2.7.7.78)
Q6ZPD9-1,DPY19L3,X,X,,,X,,Probable C-mannosyltransferase DPY19L3 (EC 2.4.1.-) (Dpy-19-like protein 3) (Protein dpy-19 homolog 3)
Q70JA7-1,CHSY3,X,,X,,X,X,Chondroitin sulfate synthase 3 (EC 2.4.1.175) (EC 2.4.1.226) (Carbohydrate synthase 2) (Chondroitin glucuronyltransferase 3) (Chondroitin synthase 2) (ChSy-2) (Glucuronosyl-N-acetylgalactosaminyl-proteoglycan 4-beta-N-acetylgalactosaminyltransferase II) (N-acetylgalactosaminyl-proteoglycan 3-beta-glucuronosyltransferase 3) (N-acetylgalactosaminyltransferase 3)
Q76KP1-1,B4GALNT4,X,,X,,X,X,"N-acetyl-beta-glucosaminyl-glycoprotein 4-beta-N-acetylgalactosaminyltransferase 1 (NGalNAc-T1) (EC 2.4.1.244) (Beta-1,4-N-acetylgalactosaminyltransferase IV) (Beta4GalNAc-T4) (Beta4GalNAcT4)"
Q7Z2W4-1,ZC3HAV1,X,,,,X,X,Zinc finger CCCH-type antiviral protein 1 (ADP-ribosyltransferase diphtheria toxin-like 13) (ARTD13) (Zinc finger CCCH domain-containing protein 2) (Zinc finger antiviral protein) (ZAP)
Q7Z388-1,DPY19L4,X,X,,,X,,Probable C-mannosyltransferase DPY19L4 (EC 2.4.1.-) (Dpy-19-like protein 4) (Protein dpy-19 homolog 4)
Q7Z3E1-1,TIPARP,X,X,,,X,X,TCDD-inducible poly [ADP-ribose] polymerase (EC 2.4.2.30) (ADP-ribosyltransferase diphtheria toxin-like 14) (ARTD14) (Poly [ADP-ribose] polymerase 7) (PARP-7)
Q7Z4H8-1,KDELC2,X,X,,,X,X,KDEL motif-containing protein 2
Q7Z4J2-1,GLT6D1,X,X,X,,X,X,Glycosyltransferase 6 domain-containing protein 1 (EC 2.4.1.-) (Galactosyltransferase family 6 domain-containing 1)
Q7Z4T8-1,GALNTL5,,,X,X,X,X,Inactive polypeptide N-acetylgalactosaminyltransferase-like protein 5 (Polypeptide GalNAc transferase 15) (GalNAc-T15) (pp-GaNTase 15) (Protein-UDP acetylgalactosaminyltransferase 15) (UDP-GalNAc:polypeptide N-acetylgalactosaminyltransferase 15)
Q7Z7M8-1,B3GNT8,X,X,X,,X,X,"UDP-GlcNAc:betaGal beta-1,3-N-acetylglucosaminyltransferase 8 (BGnT-8) (Beta-1,3-Gn-T8) (Beta-1,3-N-acetylglucosaminyltransferase 8) (Beta3Gn-T8) (EC 2.4.1.-)"
Q7Z7M9-1,GALNT5,X,X,X,X,X,X,Polypeptide N-acetylgalactosaminyltransferase 5 (EC 2.4.1.41) (Polypeptide GalNAc transferase 5) (GalNAc-T5) (pp-GaNTase 5) (Protein-UDP acetylgalactosaminyltransferase 5) (UDP-GalNAc:polypeptide N-acetylgalactosaminyltransferase 5)
Q86SF2-1,GALNT7,X,X,X,X,X,X,N-acetylgalactosaminyltransferase 7 (EC 2.4.1.-) (Polypeptide GalNAc transferase 7) (GalNAc-T7) (pp-GaNTase 7) (Protein-UDP acetylgalactosaminyltransferase 7) (UDP-GalNAc:polypeptide N-acetylgalactosaminyltransferase 7)
Q86SR1-1,GALNT10,X,X,X,X,X,X,Polypeptide N-acetylgalactosaminyltransferase 10 (EC 2.4.1.41) (Polypeptide GalNAc transferase 10) (GalNAc-T10) (pp-GaNTase 10) (Protein-UDP acetylgalactosaminyltransferase 10) (UDP-GalNAc:polypeptide N-acetylgalactosaminyltransferase 10)
Q86VD9-1,PIGZ,X,X,X,,X,X,GPI mannosyltransferase 4 (EC 2.4.1.-) (GPI mannosyltransferase IV) (GPI-MT-IV) (Phosphatidylinositol-glycan biosynthesis class Z protein) (PIG-Z) (SMP3 homolog) (hSMP3)
Q86X52-1,CHSY1,X,,X,,X,X,Chondroitin sulfate synthase 1 (EC 2.4.1.175) (EC 2.4.1.226) (Chondroitin glucuronyltransferase 1) (Chondroitin synthase 1) (ChSy-1) (Glucuronosyl-N-acetylgalactosaminyl-proteoglycan 4-beta-N-acetylgalactosaminyltransferase 1) (N-acetylgalactosaminyl-proteoglycan 3-beta-glucuronosyltransferase 1) (N-acetylgalactosaminyltransferase 1)
Q86Y38-1,XYLT1,X,X,X,,X,X,Xylosyltransferase 1 (EC 2.4.2.26) (Peptide O-xylosyltransferase 1) (Xylosyltransferase I) (XT-I) (XylT-I)
Q8IUC8-1,GALNT13,X,X,X,X,X,X,Polypeptide N-acetylgalactosaminyltransferase 13 (EC 2.4.1.41) (Polypeptide GalNAc transferase 13) (GalNAc-T13) (pp-GaNTase 13) (Protein-UDP acetylgalactosaminyltransferase 13) (UDP-GalNAc:polypeptide N-acetylgalactosaminyltransferase 13)
Q8IXK2-1,GALNT12,X,X,X,X,X,X,Polypeptide N-acetylgalactosaminyltransferase 12 (EC 2.4.1.41) (Polypeptide GalNAc transferase 12) (GalNAc-T12) (pp-GaNTase 12) (Protein-UDP acetylgalactosaminyltransferase 12) (UDP-GalNAc:polypeptide N-acetylgalactosaminyltransferase 12)
Q8IXQ6-1,PARP9,X,,,,X,,Poly [ADP-ribose] polymerase 9 (PARP-9) (EC 2.4.2.30) (ADP-ribosyltransferase diphtheria toxin-like 9) (ARTD9) (B aggressive lymphoma protein)
Q8IYK4-1,COLGALT2,X,X,X,,X,X,Procollagen galactosyltransferase 2 (EC 2.4.1.50) (Collagen beta(1-O)galactosyltransferase 2) (Glycosyltransferase 25 family member 2) (Hydroxylysine galactosyltransferase 2)
Q8IZ52-1,CHPF,X,,X,,X,X,Chondroitin sulfate synthase 2 (EC 2.4.1.175) (EC 2.4.1.226) (Chondroitin glucuronyltransferase 2) (Chondroitin-polymerizing factor) (ChPF) (Glucuronosyl-N-acetylgalactosaminyl-proteoglycan 4-beta-N-acetylgalactosaminyltransferase II) (N-acetylgalactosaminyl-proteoglycan 3-beta-glucuronosyltransferase II) (N-acetylgalactosaminyltransferase 2)
Q8IZQ1-1,WDFY3,X,,,,,,WD repeat and FYVE domain-containing protein 3 (Autophagy-linked FYVE protein) (Alfy)
Q8N0V5-1,GCNT2,X,X,,,X,X,"N-acetyllactosaminide beta-1,6-N-acetylglucosaminyl-transferase, isoform A (N-acetylglucosaminyltransferase) (EC 2.4.1.150) (I-branching enzyme) (IGNT)"
Q8N3A8-1,PARP8,X,X,,,X,X,Poly [ADP-ribose] polymerase 8 (PARP-8) (EC 2.4.2.30) (ADP-ribosyltransferase diphtheria toxin-like 16) (ARTD16)
Q8N3T1-1,GALNT15,X,X,X,,X,X,Polypeptide N-acetylgalactosaminyltransferase 15 (EC 2.4.1.41) (Polypeptide GalNAc transferase-like protein 2) (GalNAc-T-like protein 2) (pp-GaNTase-like protein 2) (Polypeptide N-acetylgalactosaminyltransferase-like protein 2) (Protein-UDP acetylgalactosaminyltransferase-like protein 2) (UDP-GalNAc:polypeptide N-acetylgalactosaminyltransferase-like protein 2)
Q8N3Y3-1,GYLTL1B,X,X,X,,X,X,"Glycosyltransferase-like protein LARGE2 (EC 2.4.-.-) (Glycosyltransferase-like 1B) [Includes: Xylosyltransferase LARGE2 (EC 2.4.2.-); Beta-1,3-glucuronyltransferase LARGE2 (EC 2.4.1.-)]"
Q8N428-1,GALNT16,X,X,X,X,X,X,Polypeptide N-acetylgalactosaminyltransferase 16 (EC 2.4.1.41) (Polypeptide GalNAc transferase 16) (GalNAc-T16) (Polypeptide GalNAc transferase-like protein 1) (GalNAc-T-like protein 1) (pp-GaNTase-like protein 1) (Polypeptide N-acetylgalactosaminyltransferase-like protein 1) (Protein-UDP acetylgalactosaminyltransferase-like protein 1) (UDP-GalNAc:polypeptide N-acetylgalactosaminyltransferase-like protein 1)
Q8N4A0-1,GALNT4,X,X,X,X,X,X,Polypeptide N-acetylgalactosaminyltransferase 4 (EC 2.4.1.41) (Polypeptide GalNAc transferase 4) (GalNAc-T4) (pp-GaNTase 4) (Protein-UDP acetylgalactosaminyltransferase 4) (UDP-GalNAc:polypeptide N-acetylgalactosaminyltransferase 4)
Q8N5D6-1,GBGT1,X,X,X,X,X,X,"Globoside alpha-1,3-N-acetylgalactosaminyltransferase 1 (EC 2.4.1.-) (Forssman glycolipid synthase-like protein)"
Q8N5Y8-1,PARP16,X,X,,,X,X,Mono [ADP-ribose] polymerase PARP16 (EC 2.4.2.30) (ADP-ribosyltransferase diphtheria toxin-like 15) (Poly [ADP-ribose] polymerase 16) (PARP-16)
Q8N6G5-1,CSGALNACT2,X,,X,,X,X,"Chondroitin sulfate N-acetylgalactosaminyltransferase 2 (EC 2.4.1.174) (Chondroitin beta-1,4-N-acetylgalactosaminyltransferase 2) (Beta4GalNAcT-2) (GalNAcT-2)"
Q8N6T7-1,SIRT6,X,,,,,,NAD-dependent protein deacetylase sirtuin-6 (EC 3.5.1.-) (Regulatory protein SIR2 homolog 6) (SIR2-like protein 6)
Q8NAT1-1,POMGNT2,X,X,X,,X,X,"Protein O-linked-mannose beta-1,4-N-acetylglucosaminyltransferase 2 (POMGnT2) (EC 2.4.1.-) (Extracellular O-linked N-acetylglucosamine transferase-like) (Glycosyltransferase-like domain-containing protein 2)"
Q8NBI6-1,XXYLT1,X,X,X,,X,X,"Xyloside xylosyltransferase 1 (EC 2.4.2.n3) (UDP-xylose:alpha-xyloside alpha-1,3-xylosyltransferase)"
Q8NBJ5-1,COLGALT1,X,X,X,,X,X,Procollagen galactosyltransferase 1 (EC 2.4.1.50) (Collagen beta(1-O)galactosyltransferase 1) (Glycosyltransferase 25 family member 1) (Hydroxylysine galactosyltransferase 1)
Q8NBL1-1,POGLUT1,X,X,,,X,X,Protein O-glucosyltransferase 1 (EC 2.4.1.-) (CAP10-like 46 kDa protein) (hCLP46) (KTEL motif-containing protein 1) (Myelodysplastic syndromes relative protein) (O-glucosyltransferase Rumi homolog) (hRumi) (Protein O-xylosyltransferase) (EC 2.4.2.26)
Q8NCL4-1,GALNT6,X,X,X,X,X,X,Polypeptide N-acetylgalactosaminyltransferase 6 (EC 2.4.1.41) (Polypeptide GalNAc transferase 6) (GalNAc-T6) (pp-GaNTase 6) (Protein-UDP acetylgalactosaminyltransferase 6) (UDP-GalNAc:polypeptide N-acetylgalactosaminyltransferase 6)
Q8NCR0-1,B3GALNT2,X,X,X,,X,X,"UDP-GalNAc:beta-1,3-N-acetylgalactosaminyltransferase 2 (Beta-1,3-GalNAc-T2) (EC 2.4.1.-) (Beta-1,3-N-acetylgalactosaminyltransferase II)"
Q8NCW6-1,GALNT11,X,X,X,X,X,X,Polypeptide N-acetylgalactosaminyltransferase 11 (EC 2.4.1.41) (Polypeptide GalNAc transferase 11) (GalNAc-T11) (pp-GaNTase 11) (Protein-UDP acetylgalactosaminyltransferase 11) (UDP-GalNAc:polypeptide N-acetylgalactosaminyltransferase 11)
Q8NDV1-1,ST6GALNAC3,X,X,X,X,X,X,"Alpha-N-acetylgalactosaminide alpha-2,6-sialyltransferase 3 (EC 2.4.99.-) (GalNAc alpha-2,6-sialyltransferase III) (ST6GalNAc III) (ST6GalNAcIII) (STY) (Sialyltransferase 7C) (SIAT7-C)"
Q8NES3-1,LFNG,X,X,X,,X,X,"Beta-1,3-N-acetylglucosaminyltransferase lunatic fringe (EC 2.4.1.222) (O-fucosylpeptide 3-beta-N-acetylglucosaminyltransferase)"
Q8NFL0-1,B3GNT7,X,X,X,X,X,X,"UDP-GlcNAc:betaGal beta-1,3-N-acetylglucosaminyltransferase 7 (BGnT-7) (Beta-1,3-Gn-T7) (Beta-1,3-N-acetylglucosaminyltransferase 7) (Beta3Gn-T7) (EC 2.4.1.-)"
Q8NFW8-1,CMAS,,,,,X,,N-acylneuraminate cytidylyltransferase (EC 2.7.7.43) (CMP-N-acetylneuraminic acid synthase) (CMP-NeuNAc synthase)
Q8NHY0-1,B4GALNT2,X,X,X,X,X,X,"Beta-1,4 N-acetylgalactosaminyltransferase 2 (EC 2.4.1.-) (Sd(a) beta-1,4-GalNAc transferase) (UDP-GalNAc:Neu5Aca2-3Galb-R b1,4-N-acetylgalactosaminyltransferase)"
Q8TCJ2-1,STT3B,X,X,X,,X,,Dolichyl-diphosphooligosaccharide--protein glycosyltransferase subunit STT3B (Oligosaccharyl transferase subunit STT3B) (STT3-B) (EC 2.4.99.18) (Source of immunodominant MHC-associated peptides homolog)
Q8TDX6-1,CSGALNACT1,X,,X,,X,X,"Chondroitin sulfate N-acetylgalactosaminyltransferase 1 (CsGalNAcT-1) (EC 2.4.1.174) (Chondroitin beta-1,4-N-acetylgalactosaminyltransferase 1) (Beta4GalNAcT-1)"
Q8WZA1-1,POMGNT1,X,X,X,,X,X,"Protein O-linked-mannose beta-1,2-N-acetylglucosaminyltransferase 1 (POMGnT1) (EC 2.4.1.-) (UDP-GlcNAc:alpha-D-mannoside beta-1,2-N-acetylglucosaminyltransferase I.2) (GnT I.2)"
Q92185-1,ST8SIA1,X,X,X,X,X,X,"Alpha-N-acetylneuraminide alpha-2,8-sialyltransferase (EC 2.4.99.8) (Alpha-2,8-sialyltransferase 8A) (Ganglioside GD3 synthase) (Ganglioside GT3 synthase) (Sialyltransferase 8A) (SIAT8-A) (Sialyltransferase St8Sia I) (ST8SiaI)"
Q92186-1,ST8SIA2,X,X,X,X,X,X,"Alpha-2,8-sialyltransferase 8B (EC 2.4.99.-) (Sialyltransferase 8B) (SIAT8-B) (Sialyltransferase St8Sia II) (ST8SiaII) (Sialyltransferase X) (STX)"
Q92187-1,ST8SIA4,X,X,X,X,X,X,"CMP-N-acetylneuraminate-poly-alpha-2,8-sialyltransferase (EC 2.4.99.-) (Alpha-2,8-sialyltransferase 8D) (Polysialyltransferase-1) (Sialyltransferase 8D) (SIAT8-D) (Sialyltransferase St8Sia IV) (ST8SiaIV)"
Q92521-1,PIGB,X,X,X,,X,X,GPI mannosyltransferase 3 (EC 2.4.1.-) (GPI mannosyltransferase III) (GPI-MT-III) (Phosphatidylinositol-glycan biosynthesis class B protein) (PIG-B)
Q92535-1,PIGC,X,X,,,X,,Phosphatidylinositol N-acetylglucosaminyltransferase subunit C (EC 2.4.1.198) (Phosphatidylinositol-glycan biosynthesis class C protein) (PIG-C)
Q92685-1,ALG3,X,X,X,,X,X,"Dol-P-Man:Man(5)GlcNAc(2)-PP-Dol alpha-1,3-mannosyltransferase (EC 2.4.1.258) (Asparagine-linked glycosylation protein 3 homolog) (Dol-P-Man-dependent alpha(1-3)-mannosyltransferase) (Dolichyl-P-Man:Man(5)GlcNAc(2)-PP-dolichyl mannosyltransferase) (Dolichyl-phosphate-mannose--glycolipid alpha-mannosyltransferase) (Not56-like protein)"
Q92819-1,HAS2,X,X,X,,X,X,Hyaluronan synthase 2 (EC 2.4.1.212) (Hyaluronate synthase 2) (Hyaluronic acid synthase 2) (HA synthase 2)
Q92839-1,HAS1,X,X,X,,X,,Hyaluronan synthase 1 (EC 2.4.1.212) (Hyaluronate synthase 1) (Hyaluronic acid synthase 1) (HA synthase 1) (HuHAS1)
Q92935-1,EXTL1,X,X,X,,X,X,Exostosin-like 1 (EC 2.4.1.224) (Exostosin-L) (Glucuronosyl-N-acetylglucosaminyl-proteoglycan 4-alpha-N-acetylglucosaminyltransferase) (Multiple exostosis-like protein)
Q93063-1,EXT2,X,X,X,,X,X,Exostosin-2 (EC 2.4.1.224) (EC 2.4.1.225) (Glucuronosyl-N-acetylglucosaminyl-proteoglycan/N-acetylglucosaminyl-proteoglycan 4-alpha-N-acetylglucosaminyltransferase) (Multiple exostoses protein 2) (Putative tumor suppressor protein EXT2)
Q93070-1,ART4,X,X,,,X,X,Ecto-ADP-ribosyltransferase 4 (EC 2.4.2.31) (ADP-ribosyltransferase C2 and C3 toxin-like 4) (ARTC4) (Dombrock blood group carrier molecule) (Mono(ADP-ribosyl)transferase 4) (NAD(P)(+)--arginine ADP-ribosyltransferase 4) (CD antigen CD297)
Q969X2-1,ST6GALNAC6,X,X,X,X,X,X,"Alpha-N-acetylgalactosaminide alpha-2,6-sialyltransferase 6 (EC 2.4.99.-) (GalNAc alpha-2,6-sialyltransferase VI) (ST6GalNAc VI) (ST6GalNAcVI) (hST6GalNAc VI) (Sialyltransferase 7F) (SIAT7-F)"
Q96EE4-1,CCDC126,X,,,,X,,Coiled-coil domain-containing protein 126
Q96EU7-1,C1GALT1C1,X,,X,,,,"C1GALT1-specific chaperone 1 (C38H2-like protein 1) (C38H2-L1) (Core 1 beta1,3-galactosyltransferase 2) (C1Gal-T2) (C1GalT2) (Core 1 beta3-Gal-T2) (Core 1 beta3-galactosyltransferase-specific molecular chaperone)"
Q96F25-1,ALG14,,,X,,X,X,UDP-N-acetylglucosamine transferase subunit ALG14 homolog
Q96FL9-1,GALNT14,X,X,X,X,X,X,Polypeptide N-acetylgalactosaminyltransferase 14 (EC 2.4.1.41) (Polypeptide GalNAc transferase 14) (GalNAc-T14) (pp-GaNTase 14) (Protein-UDP acetylgalactosaminyltransferase 14) (UDP-GalNAc:polypeptide N-acetylgalactosaminyltransferase 14)
Q96IJ6-1,GMPPA,,,,,X,,Mannose-1-phosphate guanyltransferase alpha (GDP-mannose pyrophosphorylase A) (GMPP-alpha) (GTP-mannose-1-phosphate guanylyltransferase alpha)
Q96JF0-1,ST6GAL2,X,X,X,,X,X,"Beta-galactoside alpha-2,6-sialyltransferase 2 (Alpha 2,6-ST 2) (EC 2.4.99.1) (CMP-N-acetylneuraminate-beta-galactosamide-alpha-2,6-sialyltransferase 2) (ST6Gal II) (ST6GalII) (hST6Gal II) (Sialyltransferase 2)"
Q96L15-1,ART5,X,X,,,X,X,Ecto-ADP-ribosyltransferase 5 (EC 2.4.2.31) (ADP-ribosyltransferase C2 and C3 toxin-like 5) (ARTC5) (Mono(ADP-ribosyl)transferase 5) (NAD(P)(+)--arginine ADP-ribosyltransferase 5)
Q96L58-1,B3GALT6,X,X,X,,X,X,"Beta-1,3-galactosyltransferase 6 (Beta-1,3-GalTase 6) (Beta3Gal-T6) (Beta3GalT6) (EC 2.4.1.134) (GAG GalTII) (Galactosyltransferase II) (Galactosylxylosylprotein 3-beta-galactosyltransferase) (UDP-Gal:betaGal beta 1,3-galactosyltransferase polypeptide 6)"
Q96LM9-1,C20orf173,X,,,,,,Uncharacterized protein C20orf173
Q96MS3-1,GLT1D1,X,X,X,,X,X,Glycosyltransferase 1 domain-containing protein 1 (EC 2.4.-.-)
Q99470-1,SDF2,X,,,,X,,Stromal cell-derived factor 2 (SDF-2)
Q9BRB3-1,PIGQ,X,X,,,X,,Phosphatidylinositol N-acetylglucosaminyltransferase subunit Q (EC 2.4.1.198) (N-acetylglucosamyl transferase component GPI1) (Phosphatidylinositol-glycan biosynthesis class Q protein) (PIG-Q)
Q9BT22-1,ALG1,X,X,X,,X,,"Chitobiosyldiphosphodolichol beta-mannosyltransferase (EC 2.4.1.142) (Asparagine-linked glycosylation protein 1 homolog) (Beta-1,4-mannosyltransferase) (GDP-Man:GlcNAc2-PP-dolichol mannosyltransferase) (GDP-mannose-dolichol diphosphochitobiose mannosyltransferase) (Mannosyltransferase-1) (MT-1) (hMat-1)"
Q9BV10-1,ALG12,X,X,X,,X,X,"Dol-P-Man:Man(7)GlcNAc(2)-PP-Dol alpha-1,6-mannosyltransferase (EC 2.4.1.260) (Asparagine-linked glycosylation protein 12 homolog) (hALG12) (Dolichyl-P-Man:Man(7)GlcNAc(2)-PP-dolichyl-alpha-1,6-mannosyltransferase) (Mannosyltransferase ALG12 homolog) (Membrane protein SB87)"
Q9BVH7-1,ST6GALNAC5,X,X,X,X,X,X,"Alpha-N-acetylgalactosaminide alpha-2,6-sialyltransferase 5 (EC 2.4.99.-) (GD1 alpha synthase) (GalNAc alpha-2,6-sialyltransferase V) (ST6GalNAc V) (ST6GalNAcV) (Sialyltransferase 7E) (SIAT7-E)"
Q9BVK2-1,ALG8,X,X,X,,X,X,"Probable dolichyl pyrophosphate Glc1Man9GlcNAc2 alpha-1,3-glucosyltransferase (EC 2.4.1.265) (Asparagine-linked glycosylation protein 8 homolog) (Dol-P-Glc:Glc(1)Man(9)GlcNAc(2)-PP-dolichyl alpha-1,3-glucosyltransferase) (Dolichyl-P-Glc:Glc1Man9GlcNAc2-PP-dolichyl glucosyltransferase)"
Q9BXR0-1,QTRT1,X,X,,,X,X,Queuine tRNA-ribosyltransferase (EC 2.4.2.29) (Guanine insertion enzyme) (tRNA-guanine transglycosylase)
Q9BY42-1,RTFDC1,,,X,,,,Protein RTF2 homolog (Replication termination factor 2 domain-containing protein 1)
Q9BY64-1,UGT2B28,X,X,X,,X,X,UDP-glucuronosyltransferase 2B28 (UDPGT 2B28) (EC 2.4.1.17)
Q9BYC5-1,FUT8,X,X,X,X,X,,"Alpha-(1,6)-fucosyltransferase (Alpha1-6FucT) (EC 2.4.1.68) (Fucosyltransferase 8) (GDP-L-Fuc:N-acetyl-beta-D-glucosaminide alpha1,6-fucosyltransferase) (GDP-fucose--glycoprotein fucosyltransferase) (Glycoprotein 6-alpha-L-fucosyltransferase)"
Q9BYG0-1,B3GNT5,X,X,X,X,X,X,"Lactosylceramide 1,3-N-acetyl-beta-D-glucosaminyltransferase (EC 2.4.1.206) (Lactotriaosylceramide synthase) (Lc(3)Cer synthase) (Lc3 synthase) (UDP-GlcNAc:beta-Gal beta-1,3-N-acetylglucosaminyltransferase 5) (BGnT-5) (Beta-1,3-Gn-T5) (Beta-1,3-N-acetylglucosaminyltransferase 5) (Beta3Gn-T5)"
Q9C0J1-1,B3GNT4,X,X,X,,X,X,"N-acetyllactosaminide beta-1,3-N-acetylglucosaminyltransferase 4 (EC 2.4.1.149) (UDP-GlcNAc:betaGal beta-1,3-N-acetylglucosaminyltransferase 4) (BGnT-4) (Beta-1,3-Gn-T4) (Beta-1,3-N-acetylglucosaminyltransferase 4) (Beta3Gn-T4)"
Q9H0J9-1,PARP12,X,,,,X,X,Poly [ADP-ribose] polymerase 12 (PARP-12) (EC 2.4.2.30) (ADP-ribosyltransferase diphtheria toxin-like 12) (ARTD12) (Zinc finger CCCH domain-containing protein 1)
Q9H1B5-1,XYLT2,X,X,X,,X,X,Xylosyltransferase 2 (EC 2.4.2.26) (Peptide O-xylosyltransferase 1) (Xylosyltransferase II) (XT-II) (XylT-II)
Q9H1C3-1,GLT8D2,X,X,X,,X,X,Glycosyltransferase 8 domain-containing protein 2 (EC 2.4.1.-)
Q9H2K2-1,TNKS2,X,X,,,X,X,Tankyrase-2 (TANK2) (EC 2.4.2.30) (ADP-ribosyltransferase diphtheria toxin-like 6) (ARTD6) (Poly [ADP-ribose] polymerase 5B) (TNKS-2) (TRF1-interacting ankyrin-related ADP-ribose polymerase 2) (Tankyrase II) (Tankyrase-like protein) (Tankyrase-related protein)
Q9H3H5-1,DPAGT1,X,X,,,X,X,UDP-N-acetylglucosamine--dolichyl-phosphate N-acetylglucosaminephosphotransferase (EC 2.7.8.15) (GlcNAc-1-P transferase) (G1PT) (GPT) (N-acetylglucosamine-1-phosphate transferase)
Q9H3S5-1,PIGM,X,X,X,,X,X,GPI mannosyltransferase 1 (EC 2.4.1.-) (GPI mannosyltransferase I) (GPI-MT-I) (Phosphatidylinositol-glycan biosynthesis class M protein) (PIG-M)
Q9H488-1,POFUT1,X,X,X,,X,X,GDP-fucose protein O-fucosyltransferase 1 (EC 2.4.1.221) (Peptide-O-fucosyltransferase 1) (O-FucT-1)
Q9H4F1-1,ST6GALNAC4,X,X,X,X,X,X,"Alpha-N-acetyl-neuraminyl-2,3-beta-galactosyl-1,3-N-acetyl-galactosaminide alpha-2,6-sialyltransferase (EC 2.4.99.7) (NeuAc-alpha-2,3-Gal-beta-1,3-GalNAc-alpha-2,6-sialyltransferase) (ST6GalNAc IV) (ST6GalNAcIV) (Sialyltransferase 3C) (SIAT3-C) (Sialyltransferase 7D) (SIAT7-D)"
Q9H553-1,ALG2,X,X,X,,X,X,"Alpha-1,3/1,6-mannosyltransferase ALG2 (EC 2.4.1.132) (EC 2.4.1.257) (Asparagine-linked glycosylation protein 2 homolog) (GDP-Man:Man(1)GlcNAc(2)-PP-Dol alpha-1,3-mannosyltransferase) (GDP-Man:Man(1)GlcNAc(2)-PP-dolichol mannosyltransferase) (GDP-Man:Man(2)GlcNAc(2)-PP-Dol alpha-1,6-mannosyltransferase)"
Q9H6U8-1,ALG9,X,X,X,,X,X,"Alpha-1,2-mannosyltransferase ALG9 (EC 2.4.1.259) (EC 2.4.1.261) (Asparagine-linked glycosylation protein 9 homolog) (Disrupted in bipolar disorder protein 1) (Dol-P-Man:Man(6)GlcNAc(2)-PP-Dol alpha-1,2-mannosyltransferase) (Dol-P-Man:Man(8)GlcNAc(2)-PP-Dol alpha-1,2-mannosyltransferase)"
Q9H974-1,QTRTD1,X,X,,,X,X,Queuine tRNA-ribosyltransferase subunit QTRTD1 (EC 2.4.2.29) (Queuine tRNA-ribosyltransferase domain-containing protein 1)
Q9HAW7-1,UGT1A7,X,X,X,,X,X,UDP-glucuronosyltransferase 1-7 (UDPGT 1-7) (UGT1*7) (UGT1-07) (UGT1.7) (EC 2.4.1.17) (UDP-glucuronosyltransferase 1-G) (UGT-1G) (UGT1G) (UDP-glucuronosyltransferase 1A7)
Q9HAW8-1,UGT1A10,X,X,X,,X,X,UDP-glucuronosyltransferase 1-10 (UDPGT 1-10) (UGT1*10) (UGT1-10) (UGT1.10) (EC 2.4.1.17) (UDP-glucuronosyltransferase 1-J) (UGT-1J) (UGT1J) (UDP-glucuronosyltransferase 1A10)
Q9HAW9-1,UGT1A8,X,X,X,,X,X,UDP-glucuronosyltransferase 1-8 (UDPGT 1-8) (UGT1*8) (UGT1-08) (UGT1.8) (EC 2.4.1.17) (UDP-glucuronosyltransferase 1-H) (UGT-1H) (UGT1H) (UDP-glucuronosyltransferase 1A8)
Q9HCN8-1,SDF2L1,N,,,,X,,Stromal cell-derived factor 2-like protein 1 (SDF2-like protein 1) (PWP1-interacting protein 8)
Q9HCQ5-1,GALNT9,X,X,X,X,X,X,Polypeptide N-acetylgalactosaminyltransferase 9 (EC 2.4.1.41) (Polypeptide GalNAc transferase 9) (GalNAc-T9) (pp-GaNTase 9) (Protein-UDP acetylgalactosaminyltransferase 9) (UDP-GalNAc:polypeptide N-acetylgalactosaminyltransferase 9)
Q9NP73-1,ALG13,X,X,X,,X,X,Putative bifunctional UDP-N-acetylglucosamine transferase and deubiquitinase ALG13 (EC 2.4.1.141) (EC 3.4.19.12) (Asparagine-linked glycosylation 13 homolog) (Glycosyltransferase 28 domain-containing protein 1) (UDP-N-acetylglucosamine transferase subunit ALG13 homolog)
Q9NPC4-1,A4GALT,X,X,X,X,X,X,"Lactosylceramide 4-alpha-galactosyltransferase (EC 2.4.1.228) (Alpha-1,4-N-acetylglucosaminyltransferase) (Alpha-1,4-galactosyltransferase) (Alpha4Gal-T1) (CD77 synthase) (Globotriaosylceramide synthase) (Gb3 synthase) (P1/Pk synthase) (UDP-galactose:beta-D-galactosyl-beta1-R 4-alpha-D-galactosyltransferase)"
Q9NPZ5-1,B3GAT2,X,,X,,X,X,"Galactosylgalactosylxylosylprotein 3-beta-glucuronosyltransferase 2 (EC 2.4.1.135) (Beta-1,3-glucuronyltransferase 2) (GlcAT-D) (UDP-glucuronosyltransferase S) (GlcAT-S) (Glucuronosyltransferase S)"
Q9NR21-1,PARP11,X,X,,,X,X,Poly [ADP-ribose] polymerase 11 (PARP-11) (EC 2.4.2.30) (ADP-ribosyltransferase diphtheria toxin-like 11) (ARTD11)
Q9NS00-1,C1GALT1,X,X,X,X,X,X,"Glycoprotein-N-acetylgalactosamine 3-beta-galactosyltransferase 1 (EC 2.4.1.122) (B3Gal-T8) (Core 1 O-glycan T-synthase) (Core 1 UDP-galactose:N-acetylgalactosamine-alpha-R beta 1,3-galactosyltransferase 1) (Beta-1,3-galactosyltransferase) (Core 1 beta1,3-galactosyltransferase 1) (C1GalT1) (Core 1 beta3-Gal-T1)"
Q9NSC7-1,ST6GALNAC1,X,X,X,X,X,X,"Alpha-N-acetylgalactosaminide alpha-2,6-sialyltransferase 1 (EC 2.4.99.3) (GalNAc alpha-2,6-sialyltransferase I) (ST6GalNAc I) (ST6GalNAcI) (Sialyltransferase 7A) (SIAT7-A)"
Q9NTG7-1,SIRT3,X,,,,,,"NAD-dependent protein deacetylase sirtuin-3, mitochondrial (hSIRT3) (EC 3.5.1.-) (Regulatory protein SIR2 homolog 3) (SIR2-like protein 3)"
Q9NUD9-1,PIGV,X,X,X,,X,X,GPI mannosyltransferase 2 (EC 2.4.1.-) (GPI mannosyltransferase II) (GPI-MT-II) (Phosphatidylinositol-glycan biosynthesis class V protein) (PIG-V)
Q9NXA8-1,SIRT5,X,,,,,,"NAD-dependent protein deacylase sirtuin-5, mitochondrial (EC 3.5.1.-) (Regulatory protein SIR2 homolog 5) (SIR2-like protein 5)"
Q9NY28-1,GALNT8,X,X,X,X,X,X,Probable polypeptide N-acetylgalactosaminyltransferase 8 (EC 2.4.1.41) (Polypeptide GalNAc transferase 8) (GalNAc-T8) (pp-GaNTase 8) (Protein-UDP acetylgalactosaminyltransferase 8) (UDP-GalNAc:polypeptide N-acetylgalactosaminyltransferase 8)
Q9NY97-1,B3GNT2,X,X,X,,X,X,"N-acetyllactosaminide beta-1,3-N-acetylglucosaminyltransferase 2 (EC 2.4.1.149) (Beta-1,3-N-acetylglucosaminyltransferase 1) (BGnT-1) (Beta-1,3-Gn-T1) (Beta3Gn-T1) (Beta-1,3-galactosyltransferase 7) (Beta-1,3-GalTase 7) (Beta3Gal-T7) (Beta3GalT7) (b3Gal-T7) (Beta-3-Gx-T7) (UDP-Gal:beta-GlcNAc beta-1,3-galactosyltransferase 7) (UDP-GlcNAc:betaGal beta-1,3-N-acetylglucosaminyltransferase 2) (BGnT-2) (Beta-1,3-Gn-T2) (Beta-1,3-N-acetylglucosaminyltransferase 2) (Beta3Gn-T2) (UDP-galactose:beta-N-acetylglucosamine beta-1,3-galactosyltransferase 7)"
Q9NYU1-1,UGGT2,X,X,X,,X,X,UDP-glucose:glycoprotein glucosyltransferase 2 (UGT2) (hUGT2) (EC 2.4.1.-) (UDP--Glc:glycoprotein glucosyltransferase 2) (UDP-glucose ceramide glucosyltransferase-like 1)
Q9NYU2-1,UGGT1,X,X,X,,X,X,UDP-glucose:glycoprotein glucosyltransferase 1 (UGT1) (hUGT1) (EC 2.4.1.-) (UDP--Glc:glycoprotein glucosyltransferase) (UDP-glucose ceramide glucosyltransferase-like 1)
Q9P109-1,GCNT4,X,X,X,X,X,X,"Beta-1,3-galactosyl-O-glycosyl-glycoprotein beta-1,6-N-acetylglucosaminyltransferase 4 (EC 2.4.1.102) (Core 2-branching enzyme 3) (Core2-GlcNAc-transferase 3) (C2GnT3)"
Q9P2E5-1,CHPF2,X,,X,,X,X,Chondroitin sulfate glucuronyltransferase (EC 2.4.1.226) (CSGlcA-T) (Chondroitin glucuronyltransferase) (Chondroitin polymerizing factor 2) (ChPF-2) (Chondroitin synthase 3) (ChSy-3) (N-acetylgalactosaminyl-proteoglycan 3-beta-glucuronosyltransferase)
Q9P2W7-1,B3GAT1,X,,X,,X,X,"Galactosylgalactosylxylosylprotein 3-beta-glucuronosyltransferase 1 (EC 2.4.1.135) (Beta-1,3-glucuronyltransferase 1) (Glucuronosyltransferase P) (GlcAT-P) (UDP-GlcUA:glycoprotein beta-1,3-glucuronyltransferase) (GlcUAT-P)"
Q9UBM8-1,MGAT4C,X,X,X,,X,X,"Alpha-1,3-mannosyl-glycoprotein 4-beta-N-acetylglucosaminyltransferase C (EC 2.4.1.145) (N-acetylglucosaminyltransferase IV homolog) (hGnT-IV-H) (N-glycosyl-oligosaccharide-glycoprotein N-acetylglucosaminyltransferase IVc) (GlcNAc-T IVc) (GnT-IVc) (N-acetylglucosaminyltransferase IVc) (UDP-N-acetylglucosamine: alpha-1,3-D-mannoside beta-1,4-N-acetylglucosaminyltransferase IVc)"
Q9UBQ6-1,EXTL2,X,X,X,,X,X,"Exostosin-like 2 (EC 2.4.1.223) (Alpha-1,4-N-acetylhexosaminyltransferase EXTL2) (Alpha-GalNAcT EXTL2) (EXT-related protein 2) (Glucuronyl-galactosyl-proteoglycan 4-alpha-N-acetylglucosaminyltransferase) [Cleaved into: Processed exostosin-like 2]"
Q9UBV7-1,B4GALT7,X,X,X,,X,X,"Beta-1,4-galactosyltransferase 7 (Beta-1,4-GalTase 7) (Beta4Gal-T7) (b4Gal-T7) (EC 2.4.1.-) (UDP-Gal:beta-GlcNAc beta-1,4-galactosyltransferase 7) (UDP-galactose:beta-N-acetylglucosamine beta-1,4-galactosyltransferase 7) [Includes: Xylosylprotein 4-beta-galactosyltransferase (EC 2.4.1.133) (Proteoglycan UDP-galactose:beta-xylose beta1,4-galactosyltransferase I) (UDP-galactose:beta-xylose beta-1,4-galactosyltransferase) (XGPT) (XGalT-1) (Xylosylprotein beta-1,4-galactosyltransferase)]"
Q9UBX8-1,B4GALT6,X,X,X,X,X,X,"Beta-1,4-galactosyltransferase 6 (Beta-1,4-GalTase 6) (Beta4Gal-T6) (b4Gal-T6) (UDP-Gal:beta-GlcNAc beta-1,4-galactosyltransferase 6) (UDP-galactose:beta-N-acetylglucosamine beta-1,4-galactosyltransferase 6) [Includes: Glucosylceramide beta-1,4-galactosyltransferase (EC 2.4.1.274) (Lactosylceramide synthase) (LacCer synthase) (UDP-Gal:glucosylceramide beta-1,4-galactosyltransferase)]"
Q9UGN5-1,PARP2,X,X,,,X,X,Poly [ADP-ribose] polymerase 2 (PARP-2) (hPARP-2) (EC 2.4.2.30) (ADP-ribosyltransferase diphtheria toxin-like 2) (ARTD2) (NAD(+) ADP-ribosyltransferase 2) (ADPRT-2) (Poly[ADP-ribose] synthase 2) (pADPRT-2)
Q9UJ37-1,ST6GALNAC2,X,X,X,X,X,X,"Alpha-N-acetylgalactosaminide alpha-2,6-sialyltransferase 2 (EC 2.4.99.-) (GalNAc alpha-2,6-sialyltransferase II) (ST6GalNAc II) (ST6GalNAcII) (SThM) (Sialyltransferase 7B) (SIAT7-B)"
Q9UKK3-1,PARP4,X,X,,,X,X,Poly [ADP-ribose] polymerase 4 (PARP-4) (EC 2.4.2.30) (193 kDa vault protein) (ADP-ribosyltransferase diphtheria toxin-like 4) (ARTD4) (PARP-related/IalphaI-related H5/proline-rich) (PH5P) (Vault poly(ADP-ribose) polymerase) (VPARP)
Q9UKY4-1,POMT2,X,X,X,,X,X,Protein O-mannosyl-transferase 2 (EC 2.4.1.109) (Dolichyl-phosphate-mannose--protein mannosyltransferase 2)
Q9UM21-1,MGAT4A,X,X,X,,X,X,"Alpha-1,3-mannosyl-glycoprotein 4-beta-N-acetylglucosaminyltransferase A (EC 2.4.1.145) (N-glycosyl-oligosaccharide-glycoprotein N-acetylglucosaminyltransferase IVa) (GlcNAc-T IVa) (GnT-IVa) (N-acetylglucosaminyltransferase IVa) (UDP-N-acetylglucosamine: alpha-1,3-D-mannoside beta-1,4-N-acetylglucosaminyltransferase IVa) [Cleaved into: Alpha-1,3-mannosyl-glycoprotein 4-beta-N-acetylglucosaminyltransferase A soluble form]"
Q9UNA3-1,A4GNT,X,X,X,X,X,X,"Alpha-1,4-N-acetylglucosaminyltransferase (Alpha4GnT) (EC 2.4.1.-)"
Q9UNP4-1,ST3GAL5,X,X,X,X,X,X,"Lactosylceramide alpha-2,3-sialyltransferase (EC 2.4.99.9) (CMP-NeuAc:lactosylceramide alpha-2,3-sialyltransferase) (Ganglioside GM3 synthase) (ST3Gal V) (ST3GalV) (Sialyltransferase 9)"
Q9UQ53-1,MGAT4B,X,X,X,,X,X,"Alpha-1,3-mannosyl-glycoprotein 4-beta-N-acetylglucosaminyltransferase B (EC 2.4.1.145) (N-glycosyl-oligosaccharide-glycoprotein N-acetylglucosaminyltransferase IVb) (GlcNAc-T IVb) (GnT-IVb) (N-acetylglucosaminyltransferase IVb) (UDP-N-acetylglucosamine: alpha-1,3-D-mannoside beta-1,4-N-acetylglucosaminyltransferase IVb)"
Q9Y231-1,FUT9,X,X,X,X,X,X,"Alpha-(1,3)-fucosyltransferase 9 (EC 2.4.1.-) (Fucosyltransferase 9) (Fucosyltransferase IX) (Fuc-TIX) (FucT-IX) (Galactoside 3-L-fucosyltransferase)"
Q9Y274-1,ST3GAL6,X,X,X,X,X,X,"Type 2 lactosamine alpha-2,3-sialyltransferase (EC 2.4.99.-) (CMP-NeuAc:beta-galactoside alpha-2,3-sialyltransferase VI) (ST3Gal VI) (ST3GalVI) (Sialyltransferase 10)"
Q9Y2A9-1,B3GNT3,X,X,X,X,X,X,"N-acetyllactosaminide beta-1,3-N-acetylglucosaminyltransferase 3 (EC 2.4.1.149) (Beta-1,3-galactosyl-O-glycosyl-glycoprotein beta-1,3-N-acetylglucosaminyltransferase) (EC 2.4.1.146) (Beta-1,3-galactosyltransferase 8) (Beta-1,3-GalTase 8) (Beta3Gal-T8) (Beta3GalT8) (b3Gal-T8) (Beta-3-Gx-T8) (Core 1 extending beta-1,3-N-acetylglucosaminyltransferase) (Core1-beta3GlcNAcT) (Transmembrane protein 3) (UDP-Gal:beta-GlcNAc beta-1,3-galactosyltransferase 8) (UDP-GlcNAc:betaGal beta-1,3-N-acetylglucosaminyltransferase 3) (BGnT-3) (Beta-1,3-Gn-T3) (Beta-1,3-N-acetylglucosaminyltransferase 3) (Beta3Gn-T3) (UDP-galactose:beta-N-acetylglucosamine beta-1,3-galactosyltransferase 8)"
Q9Y2C3-1,B3GALT5,X,X,X,X,X,X,"Beta-1,3-galactosyltransferase 5 (Beta-1,3-GalTase 5) (Beta3Gal-T5) (Beta3GalT5) (b3Gal-T5) (EC 2.4.1.-) (Beta-3-Gx-T5) (UDP-Gal:beta-GlcNAc beta-1,3-galactosyltransferase 5) (UDP-galactose:beta-N-acetylglucosamine beta-1,3-galactosyltransferase 5)"
Q9Y2G5-3,POFUT2,X,X,X,,X,X,GDP-fucose protein O-fucosyltransferase 2 (EC 2.4.1.221) (Peptide-O-fucosyltransferase 2) (O-FucT-2)
Q9Y4X1-1,UGT2A1,X,X,X,,X,X,UDP-glucuronosyltransferase 2A1 (UDPGT 2A1) (EC 2.4.1.17)
Q9Y5P6-1,GMPPB,,,,,X,,Mannose-1-phosphate guanyltransferase beta (EC 2.7.7.13) (GDP-mannose pyrophosphorylase B) (GTP-mannose-1-phosphate guanylyltransferase beta)
Q9Y5Z6-1,B3GALT1,X,X,X,X,X,X,"Beta-1,3-galactosyltransferase 1 (Beta-1,3-GalTase 1) (Beta3Gal-T1) (Beta3GalT1) (EC 2.4.1.-) (UDP-galactose:beta-N-acetyl-glucosamine-beta-1,3-galactosyltransferase 1)"
Q9Y644-1,RFNG,X,X,X,,X,X,"Beta-1,3-N-acetylglucosaminyltransferase radical fringe (EC 2.4.1.222) (O-fucosylpeptide 3-beta-N-acetylglucosaminyltransferase)"
Q9Y672-1,ALG6,X,X,X,,X,X,"Dolichyl pyrophosphate Man9GlcNAc2 alpha-1,3-glucosyltransferase (EC 2.4.1.267) (Asparagine-linked glycosylation protein 6 homolog) (Dol-P-Glc:Man(9)GlcNAc(2)-PP-Dol alpha-1,3-glucosyltransferase) (Dolichyl-P-Glc:Man9GlcNAc2-PP-dolichyl glucosyltransferase)"
Q9Y673-1,ALG5,X,X,X,,X,X,Dolichyl-phosphate beta-glucosyltransferase (DolP-glucosyltransferase) (EC 2.4.1.117) (Asparagine-linked glycosylation protein 5 homolog)
Q9Y6A1-1,POMT1,X,X,X,,X,X,Protein O-mannosyl-transferase 1 (EC 2.4.1.109) (Dolichyl-phosphate-mannose--protein mannosyltransferase 1)
Q9Y6E7-1,SIRT4,X,,,,,,"NAD-dependent protein lipoamidase sirtuin-4, mitochondrial (EC 3.5.1.-) (NAD-dependent ADP-ribosyltransferase sirtuin-4) (EC 2.4.2.-) (NAD-dependent protein deacetylase sirtuin-4) (EC 3.5.1.-) (Regulatory protein SIR2 homolog 4) (SIR2-like protein 4)"
Q9Y6F1-1,PARP3,X,X,,,X,X,Poly [ADP-ribose] polymerase 3 (PARP-3) (hPARP-3) (EC 2.4.2.30) (ADP-ribosyltransferase diphtheria toxin-like 3) (ARTD3) (IRT1) (NAD(+) ADP-ribosyltransferase 3) (ADPRT-3) (Poly[ADP-ribose] synthase 3) (pADPRT-3)
