UniProtKB_AC,Gene_Name,Protein_Name,Sequence_Length,Signal_Peptide_Existence,Signal_Peptide_Position,Cellular_Component,Motif_Position,Subsequence,Method,Domain,Secondary_Structure,NetNGlyc_Prediction,Mutation_Position,Reference,Variation,Genomic_Variation,Minor_Allele_Frequency,Source_Freq,PolyPhen2_Prediction,Cancer_Type,Data_Source,Patient_ID,PMID,HGMD_Disease,HGMD_PMID,Status,Loss or gain
A5PLK6,RGSL1,Regulator of G-protein signaling protein-like,1076,N,-,Membrane,838,NTSG,NetNGlyc_prediction / string_search,-,-,   + ,840,S,L,1,-,1|COSMIC;1|COSMIC,-,DOID:2394 / ovarian cancer,COSMIC,-,23780408,-,-,Germline and somatic,Loss
A6NI73,LILRA5,Leukocyte immunoglobulin-like receptor subfamily A member 5,299,Y,1--41,Membrane;Secreted,157,NVTL,UniProt-Manual_assertion / NetNGlyc_prediction / string_search,Ig-like C2-type 2.,-, +++ ,157,N,D,1,-,1|COSMIC;1/316|IntOGen,possibly damaging,DOID:2394 / ovarian cancer,COSMIC;IntOGen,-,21720365,-,-,Somatic only,Loss
A6NK75,ZNF98,Zinc finger protein 98,572,N,-,Nucleus,472,NQSS,NetNGlyc_prediction / string_search,-,-,   + ,474,S,F,1,-,1/181|ICGC;1/316|IntOGen;1|COSMIC,benign,DOID:2394 / ovarian cancer,ICGC;COSMIC;IntOGen,-,21720365,-,-,Somatic only,Loss
A6NKG5,RTL1,Retrotransposon-like protein 1,1358,N,-,Membrane,909,NISP,string_search,-,-, --- ,911,S,F,1,-,1/181|ICGC;1/323|ICGC;1|COSMIC;1/370|TCGA,probably damaging,DOID:4159 / skin cancer;DOID:2394 / ovarian cancer,ICGC;TCGA;COSMIC,TCGA-D3-A1QB,-,-,-,Somatic only,Loss
A6NMZ7,COL6A6,Collagen alpha-6(VI) chain,2263,Y,1--19,Secreted,275,NETK,UniProt-PubMed:19159218 / NetNGlyc_prediction / string_search,-,-,  ++ ,277,T,R,1,-,1/181|ICGC;1|COSMIC,probably damaging,DOID:2394 / ovarian cancer,ICGC;COSMIC,-,-,-,-,Somatic only,Loss
A6NMZ7,COL6A6,Collagen alpha-6(VI) chain,2263,Y,1--19,Secreted,930,NATA,UniProt-PubMed:19159218 / string_search,-,-,   - ,932,T,M,1,-,1/316|IntOGen;1|COSMIC;2|COSMIC,probably damaging,DOID:2394 / ovarian cancer;DOID:219 / colon cancer,COSMIC;IntOGen,-,21720365,-,-,Germline and somatic,Loss
A7XYQ1,SOBP ,Sine oculis-binding protein homolog,873,N,-,-,339,NCSV,NetNGlyc_prediction / string_search,-,-,   + ,339,N,K,1,-,1/316|IntOGen;1|COSMIC;1/181|ICGC,possibly damaging,DOID:2394 / ovarian cancer,ICGC;COSMIC;IntOGen,-,21720365,-,-,Somatic only,Loss
A8MWY0,KIAA1324L,UPF0577 protein KIAA1324-like,1029,Y,1--47,Membrane,716,NISL,NetNGlyc_prediction / string_search,-,-,   + ,718,S,N,1,-,1/316|IntOGen;1|COSMIC,probably damaging,DOID:2394 / ovarian cancer,COSMIC;IntOGen,-,21720365,-,-,Somatic only,Loss
O00192,ARVCF,Armadillo repeat protein deleted in velo-cardio-facial syndrome,962,N,-,-,470,NLSS,NetNGlyc_prediction / string_search,-,-,  ++ ,472,S,L,1,-,1|COSMIC;1/181|ICGC,probably damaging,DOID:2394 / ovarian cancer,ICGC;COSMIC,-,-,-,-,Somatic only,Loss
O00206,TLR4,Toll-like receptor 4,839,Y,1--23,Membrane,282,NLTI,UniProt-PubMed:11706042 / NetNGlyc_prediction / string_search,-,-, +++ ,282,N,S,1,-,1|COSMIC;1/316|IntOGen;1|COSMIC,benign,DOID:2394 / ovarian cancer;DOID:5672 / large intestine cancer,COSMIC;IntOGen,-,21720365,-,-,Somatic only,Loss
O00571,DDX3X,ATP-dependent RNA helicase DDX3X,662,N,-,Cytoplasm;Membrane;Nucleus,551,NITK,NetNGlyc_prediction / string_search,Helicase C-terminal. ,-,  ++ ,551,N,H,1,-,1/181|ICGC;1/316|IntOGen,probably damaging,DOID:2394 / ovarian cancer,ICGC;IntOGen,-,-,-,-,Somatic only,Loss
O14497,ARID1A,AT-rich interactive domain-containing protein 1A,2285,N,-,Nucleus,2066,NISG,string_search,-,-,   - ,2066,N,D,1,-,1|COSMIC;1|COSMIC,probably damaging,DOID:2394 / ovarian cancer;DOID:11054 / urinary bladder cancer,COSMIC,-,20942669;23650517,-,-,Somatic only,Loss
O14576,DYNC1I1,Cytoplasmic dynein 1 intermediate chain 1,645,N,-,Cytoplasm,564,NDTE,string_search,-,-,   - ,566,T,P,1,-,1/316|IntOGen;1|COSMIC;1/181|ICGC,possibly damaging,DOID:2394 / ovarian cancer,ICGC;COSMIC;IntOGen,-,21720365,-,-,Somatic only,Loss
O14920,IKBKB,Inhibitor of nuclear factor kappa-B kinase subunit beta,756,N,-,Cytoplasm;Membrane;Nucleus,250,NGTV,NetNGlyc_prediction / string_search,Protein kinase. ,-,   + ,252,T,M,1,-,1|COSMIC,probably damaging,DOID:2394 / ovarian cancer,COSMIC,-,-,-,-,Germline and somatic,Loss
O14967,CLGN,Calmegin,610,Y,1--19,Membrane,577,NKSG,string_search,-,-,   - ,579,S,F,1,-,1/181|ICGC;1/316|IntOGen;1|COSMIC,probably damaging,DOID:2394 / ovarian cancer,ICGC;COSMIC;IntOGen,-,21720365,-,-,Somatic only,Loss
O43286,B4GALT5,"Beta-1,4-galactosyltransferase 5",388,N,-,Membrane,111,NHTC,UniProt-Manual_assertion / NetNGlyc_prediction / string_search,-,-,   + ,113,T,N,1,-,1/316|IntOGen;1|COSMIC,benign,DOID:2394 / ovarian cancer,COSMIC;IntOGen,-,21720365,-,-,Somatic only,Loss
O43623,SNAI2,Zinc finger protein SNAI2,268,N,-,Cytoplasm;Nucleus,134,NKTY,NetNGlyc_prediction / string_search,-,-,   + ,134,N,D,1,-,1|COSMIC;1/316|IntOGen,benign,DOID:2394 / ovarian cancer,COSMIC;IntOGen,-,21720365,-,-,Somatic only,Loss
O43749,OR1F1,Olfactory receptor 1F1,312,N,-,Membrane,5,NQSS,UniProt-Manual_assertion / NetNGlyc_prediction / string_search,-,-,  ++ ,7,S,L,1,0.0005,1|COSMIC;1/181|ICGC;1|COSMIC,benign,DOID:4159 / skin cancer;DOID:2394 / ovarian cancer,ICGC;COSMIC,-,22842228,-,-,Germline and somatic,Loss
O60242,BAI3,Brain-specific angiogenesis inhibitor 3,1522,Y,1--24,Membrane,937,NKSI,UniProt-Manual_assertion / NetNGlyc_prediction / string_search,-,-,   + ,937,N,I,1,-,2/181|ICGC;1|COSMIC,probably damaging,DOID:2394 / ovarian cancer,ICGC;COSMIC,-,-,-,-,Somatic only,Loss
O60256,PRPSAP2,Phosphoribosyl pyrophosphate synthase-associated protein 2,369,N,-,-,28,NSSC,NetNGlyc_prediction / string_search,-,-,   + ,30,S,A,1,-,1|COSMIC,benign,DOID:2394 / ovarian cancer,COSMIC,-,-,-,-,Somatic only,Loss
O60330,PCDHGA12,Protocadherin gamma-A12,932,Y,1--29,Membrane,545,NVSL,UniProt-Manual_assertion / NetNGlyc_prediction / string_search,-,-,  ++ ,545,N,K,1,-,1|COSMIC,possibly damaging,DOID:2394 / ovarian cancer,COSMIC,-,-,-,-,Germline and somatic,Loss
O60343,TBC1D4,TBC1 domain family member 4,1298,N,-,Cytoplasm,785,NKSP,string_search,-,-, --- ,787,S,A,1,-,1/316|IntOGen;1|COSMIC,possibly damaging,DOID:2394 / ovarian cancer,COSMIC;IntOGen,-,21720365,-,-,Somatic only,Loss
O60469,DSCAM,Down syndrome cell adhesion molecule,2012,Y,1--17,Membrane;Secreted,1341,NGSF,UniProt-Manual_assertion / string_search,-,-,   - ,1341,N,S,1,-,1|COSMIC,probably damaging,DOID:2394 / ovarian cancer,COSMIC,-,-,-,-,Somatic only,Loss
O60907,TBL1X,F-box-like/WD repeat-containing protein TBL1X,577,N,-,Nucleus,382,NTTF,string_search,-,-,  -- ,382,N,K,1,-,1/316|IntOGen,probably damaging,DOID:2394 / ovarian cancer,IntOGen,-,-,-,-,Somatic only,Loss
O75030,MITF,Microphthalmia-associated transcription factor,526,N,-,Nucleus,430,NCSQ,NetNGlyc_prediction / string_search,-,-,   + ,430,N,T,1,-,1/316|IntOGen;1|COSMIC,benign,DOID:2394 / ovarian cancer,COSMIC;IntOGen,-,21720365,-,-,Somatic only,Loss
O75051,PLXNA2,Plexin-A2,1894,Y,1--34,Membrane,76,NLTI,UniProt-Manual_assertion / NetNGlyc_prediction / string_search,-,-, +++ ,77,L,P,1,-,1/181|ICGC;1|COSMIC,probably damaging,DOID:2394 / ovarian cancer,ICGC;COSMIC,-,-,-,-,Somatic only,Loss
O75093,SLIT1,Slit homolog 1 protein,1534,Y,1--33,Secreted,1026,NYTC,UniProt-Manual_assertion / NetNGlyc_prediction / string_search,-,-,  ++ ,1026,N,I,1,-,1/316|IntOGen;1/181|ICGC;1|COSMIC,probably damaging,DOID:2394 / ovarian cancer,ICGC;COSMIC;IntOGen,-,21720365,-,-,Somatic only,Loss
O75110,ATP9A,Probable phospholipid-transporting ATPase IIA,1047,N,-,Membrane,182,NGSC,NetNGlyc_prediction / string_search,-,-,   + ,184,S,L,1,-,1/181|ICGC;1|COSMIC;1/316|IntOGen;1|COSMIC,probably damaging,DOID:2394 / ovarian cancer;DOID:1993 / rectum cancer,ICGC;COSMIC;IntOGen,-,21720365,-,-,Somatic only,Loss
O75110,ATP9A,Probable phospholipid-transporting ATPase IIA,1047,N,-,Membrane,285,NTSN,NetNGlyc_prediction / string_search,-,-,   + ,285,N,K,1,-,1/181|ICGC;1|COSMIC;1/316|IntOGen,probably damaging,DOID:2394 / ovarian cancer,ICGC;COSMIC;IntOGen,-,21720365,-,-,Somatic only,Loss
O75351,VPS4B,Vacuolar protein sorting-associated protein 4B,444,N,-,Membrane,192,NNST,string_search,-,-,   - ,192,N,K,1,-,1/316|IntOGen;1|COSMIC,probably damaging,DOID:2394 / ovarian cancer,COSMIC;IntOGen,-,21720365,-,-,Somatic only,Loss
O75762,TRPA1,Transient receptor potential cation channel subfamily A member 1,1119,N,-,Membrane,747,NSTG,UniProt-Manual_assertion / NetNGlyc_prediction / string_search,-,-,   + ,747,N,K,1,-,1|COSMIC,probably damaging,DOID:2394 / ovarian cancer,COSMIC,-,-,-,-,Somatic only,Loss
O76041,NEBL,Nebulette,1014,N,-,Cytoplasm,744,NISS,string_search,-,-,   - ,746,S,R,1,-,1/181|ICGC,probably damaging,DOID:2394 / ovarian cancer,ICGC,-,-,-,-,Somatic only,Loss
O94782,USP1,Ubiquitin carboxyl-terminal hydrolase 1,785,N,-,Nucleus,573,NDSY,NetNGlyc_prediction / string_search,USP.,-,   + ,575,S,R,1,-,1/316|IntOGen;1|COSMIC;1/181|ICGC;1|COSMIC,benign,DOID:2394 / ovarian cancer;DOID:219 / colon cancer,ICGC;COSMIC;IntOGen,-,21720365,-,-,Somatic only,Loss
O94992,HEXIM1,Protein HEXIM1,359,N,-,Cytoplasm;Nucleus,17,NCTG,NetNGlyc_prediction / string_search,-,-,  ++ ,17,N,Y,1,-,1/316|IntOGen;1|COSMIC,probably damaging,DOID:2394 / ovarian cancer,COSMIC;IntOGen,-,21720365,-,-,Somatic only,Loss
O95171,SCEL,Sciellin,688,N,-,Cytoplasm;Membrane,341,NKTS,NetNGlyc_prediction / string_search,-,-,  ++ ,341,N,K,1,-,1/316|IntOGen;1|COSMIC,benign,DOID:2394 / ovarian cancer,COSMIC;IntOGen,-,21720365,-,-,Somatic only,Loss
O95222,OR6A2,Olfactory receptor 6A2,327,N,-,Membrane,5,NHSG,UniProt-Manual_assertion / NetNGlyc_prediction / string_search,-,-,   + ,5,N,D,1,-,1/316|IntOGen;1|COSMIC,benign,DOID:2394 / ovarian cancer,COSMIC;IntOGen,-,21720365,-,-,Somatic only,Loss
O95236,APOL3,Apolipoprotein L3,402,N,-,Cytoplasm,42,NVSG,NetNGlyc_prediction / string_search,-,-,  ++ ,44,S,Y,1,-,1|COSMIC;1/316|IntOGen,possibly damaging,DOID:2394 / ovarian cancer,COSMIC;IntOGen,-,21720365,-,-,Somatic only,Loss
O95760,IL33,Interleukin-33,270,N,-,Nucleus;Secreted,171,NESG,NetNGlyc_prediction / string_search,-,-,   + ,171,N,Y,1,-,1|COSMIC,benign,DOID:2394 / ovarian cancer,COSMIC,-,-,-,-,Germline and somatic,Loss
O95932,TGM6,Protein-glutamine gamma-glutamyltransferase 6,706,N,-,-,519,NLTS,NetNGlyc_prediction / string_search,-,-,   + ,521,T,P,1,-,1|COSMIC;1/181|ICGC,probably damaging,DOID:2394 / ovarian cancer,ICGC;COSMIC,-,-,-,-,Somatic only,Loss
P01111,NRAS,GTPase NRas,189,N,-,Membrane,85,NNSK,NetNGlyc_prediction / string_search,-,-,   + ,87,S,N,1,-,1|COSMIC,benign,DOID:2394 / ovarian cancer,COSMIC,-,-,-,-,Somatic only,Loss
P01130,LDLR,Low-density lipoprotein receptor,860,Y,1--21,Membrane,515,NGSK,UniProt-Manual_assertion / NetNGlyc_prediction / string_search,-,-,  ++ ,517,S,Y,1,-,1|COSMIC,probably damaging,DOID:2394 / ovarian cancer,COSMIC,-,-,-,-,Somatic only,Loss
P01189,POMC,Pro-opiomelanocortin,267,Y,1--26,Secreted,91,NSSS,UniProt-Manual_assertion / NetNGlyc_prediction / string_search,-,-,  ++ ,93,S,G,1,-,1/181|ICGC;1|COSMIC,probably damaging,DOID:2394 / ovarian cancer,ICGC;COSMIC,-,-,-,-,Germline and somatic,Loss
P04180,LCAT,Phosphatidylcholine-sterol acyltransferase,440,Y,1--24,Secreted,296,NYTG,UniProt-PubMed:16335952;PubMed:7613477 / NetNGlyc_prediction / string_search,-,-,   + ,298,T,A,1,-,1/316|IntOGen;1|COSMIC,probably damaging,DOID:2394 / ovarian cancer,COSMIC;IntOGen,-,21720365,Lecithin:cholesterol acyltransferase deficiency,11423760,Somatic only,Loss
P04629,NTRK1,High affinity nerve growth factor receptor,796,Y,1--32,Membrane,262,NVTC,UniProt-PubMed:17196528 / NetNGlyc_prediction / string_search,-,-,   + ,264,T,M,1,-,1/316|IntOGen;1|COSMIC,probably damaging,DOID:2394 / ovarian cancer,COSMIC;IntOGen,-,21720365,-,-,Somatic only,Loss
P04637,TP53,Cellular tumor antigen p53,393,N,-,Cytoplasm;Nucleus,239,NSSC,string_search,-,-,   - ,239,N,D,1,-,1|COSMIC;1|COSMIC;1|COSMIC;1|COSMIC;2|COSMIC;1/264|ICGC;1|COSMIC;1|COSMIC;1|COSMIC;1/248|TCGA;1|COSMIC;1|COSMIC;1|COSMIC;1/261|TCGA;1/230|IntOGen;2|COSMIC;1|COSMIC;1|COSMIC;1|COSMIC;1|COSMIC;1|COSMIC;1|COSMIC;1|COSMIC;2|COSMIC;2/508|TCGA;1/66|TCGA;1|COSMIC;1|COSMIC;1|COSMIC;1|COSMIC;1|COSMIC;2|COSMIC;1|COSMIC;1/208|ICGC;2|COSMIC;10|COSMIC,probably damaging,DOID:1612 / breast cancer;DOID:3571 / liver cancer;DOID:1324 / lung cancer;DOID:3070 / malignant glioma;DOID:2531 / hematologic cancer;DOID:4606 / bile duct cancer;DOID:363 / uterine cancer;DOID:2394 / ovarian cancer;DOID:10283 / prostate cancer;DOID:5041 / esophageal cancer;DOID:10534 / stomach cancer;DOID:219 / colon cancer;DOID:263 / kidney cancer;DOID:11934 / head and neck cancer;DOID:1993 / rectum cancer;DOID:11054 / urinary bladder cancer,ICGC;TCGA;COSMIC;IntOGen,TCGA-F7-A624;TCGA-HI-7171;TCGA-BS-A0U9;TCGA-KN-8423;TCGA-MT-A51W,21288114;17285122;15778432;10653866;12807758;7909871;8119770;8934544;8044781;15161705;1333465;10850436;23091298;17388661;20668451;15499621;7620944;12890146;22844452;8317886;10846560;9354678;10674608;11301359;16183105;15564288;23780408;10738270,-,-,Germline and somatic,Loss
P04637,TP53,Cellular tumor antigen p53,393,N,-,Cytoplasm;Nucleus,239,NSSC,string_search,-,-,   - ,239,N,S,1,-,1/665|IntOGen;1/216|ICGC;1/181|ICGC;1|COSMIC;1/57|TCGA;1/217|TCGA;1/417|IntOGen;1/248|TCGA;2|COSMIC;1|COSMIC;1/202|TCGA;1|COSMIC;1|COSMIC;1/50|ICGC;1|COSMIC;1|COSMIC;1|COSMIC;1|COSMIC;1/451|TCGA;1/1148|IntOGen;1|COSMIC;1|COSMIC;1/316|IntOGen;1|COSMIC;1|COSMIC;1|COSMIC;1|COSMIC;1|COSMIC;1|COSMIC;1|COSMIC;4|COSMIC;1/230|IntOGen,probably damaging,DOID:1612 / breast cancer;DOID:219 / colon cancer;DOID:1324 / lung cancer;DOID:201 / connective tissue cancer;DOID:2531 / hematologic cancer;DOID:363 / uterine cancer;DOID:2394 / ovarian cancer;DOID:5041 / esophageal cancer;DOID:3070 / malignant glioma;DOID:10534 / stomach cancer;DOID:3571 / liver cancer;DOID:263 / kidney cancer;DOID:8618 / oral cavity cancer;DOID:1993 / rectum cancer;DOID:11054 / urinary bladder cancer,ICGC;TCGA;COSMIC;IntOGen,TCGA-BC-A3KG;TCGA-N7-A4Y8;TCGA-CJ-5677;TCGA-D1-A16N;TCGA-CM-4750,10671690;15499621;8387391;21720365;11494027;8044781;2040694;7707106;1736012;10753186;16818615;11837710;8916968;15057748;11391594;24292195;15564288,-,-,Somatic only,Loss
P04637,TP53,Cellular tumor antigen p53,393,N,-,Cytoplasm;Nucleus,239,NSSC,string_search,-,-,   - ,239,N,Y,1,-,1|COSMIC;2|COSMIC;2|COSMIC;1|COSMIC,probably damaging,DOID:2394 / ovarian cancer;DOID:1993 / rectum cancer;DOID:219 / colon cancer;DOID:10283 / prostate cancer,COSMIC,-,10918210;17692090;12115559;9230279;9823556,-,-,Somatic only,Loss
P04637,TP53,Cellular tumor antigen p53,393,N,-,Cytoplasm;Nucleus,239,NSSC,string_search,-,-,   - ,241,S,A,1,-,1|COSMIC;1|COSMIC;1|COSMIC;1|COSMIC;1|COSMIC;1|COSMIC;1|COSMIC;1|COSMIC;1|COSMIC;1|COSMIC,probably damaging,DOID:1612 / breast cancer;DOID:219 / colon cancer;DOID:1324 / lung cancer;DOID:3070 / malignant glioma;DOID:2531 / hematologic cancer;DOID:363 / uterine cancer;DOID:2394 / ovarian cancer;DOID:1319 / brain cancer,COSMIC,-,24127483;10706127;9367066;14745729;22844452;17473653;9635683;16322298,-,-,Somatic only,Loss
P04637,TP53,Cellular tumor antigen p53,393,N,-,Cytoplasm;Nucleus,239,NSSC,string_search,-,-,   - ,241,S,C,1,-,1/168|TCGA;1|COSMIC;3|COSMIC;1/1071|ICGC;1|COSMIC;1|COSMIC;1/1148|IntOGen;1/230|IntOGen;1/95|ICGC;2|COSMIC;1|COSMIC;1|COSMIC;1/451|TCGA;1|COSMIC;1/417|IntOGen;1/977|TCGA;1|COSMIC;1|COSMIC;1|COSMIC;1/156|ICGC;1|COSMIC;1/508|TCGA;1|COSMIC;1|COSMIC;1|COSMIC;1|COSMIC;1/248|TCGA;1|COSMIC;3|COSMIC;1|COSMIC;1|COSMIC;4|COSMIC,probably damaging,DOID:1612 / breast cancer;DOID:1324 / lung cancer;DOID:11934 / head and neck cancer;DOID:2531 / hematologic cancer;DOID:363 / uterine cancer;DOID:2394 / ovarian cancer;DOID:5041 / esophageal cancer;DOID:10534 / stomach cancer;DOID:263 / kidney cancer;DOID:11054 / urinary bladder cancer,ICGC;TCGA;COSMIC;IntOGen,TCGA-BH-A0WA;TCGA-IQ-A61G;TCGA-CZ-4865;TCGA-EO-A1Y8;TCGA-A4-A57E,15064998;20404136;16174251;11301359;15837541;10690522;11389059;2024123;11079169;8731915;9792155;15915369;12144684;23349305;10951339;23168708;21552959;8934544;15564288,-,-,Germline and somatic,Loss
P04637,TP53,Cellular tumor antigen p53,393,N,-,Cytoplasm;Nucleus,239,NSSC,string_search,-,-,   - ,241,S,F,1,-,1|COSMIC;3/370|TCGA;1/665|IntOGen;1|COSMIC;3|COSMIC;3|COSMIC;3/181|ICGC;1|COSMIC;1/230|IntOGen;1|COSMIC;1|COSMIC;8|COSMIC;2|COSMIC;1/95|ICGC;1|COSMIC;1/1148|IntOGen;2|COSMIC;1|COSMIC;1|COSMIC;1|COSMIC;1|COSMIC;1|COSMIC;1|COSMIC;1|COSMIC;1|COSMIC;1|COSMIC;1|COSMIC;2|COSMIC;1|COSMIC;1/130|TCGA;1/504|ICGC;1|COSMIC;2|COSMIC;1|COSMIC;1|COSMIC;3|COSMIC;1|COSMIC;1|COSMIC;1/66|TCGA;1|COSMIC;1|COSMIC;1/233|ICGC;3|COSMIC;2|COSMIC;1|COSMIC;1|COSMIC;1|COSMIC;1|COSMIC;1|COSMIC;1|COSMIC;3|COSMIC;1/147|TCGA;10|COSMIC;1|COSMIC;2|COSMIC;1/214|IntOGen;3/323|ICGC;4/316|IntOGen;1|COSMIC;6|COSMIC;1|COSMIC;1/248|TCGA,probably damaging,DOID:1612 / breast cancer;DOID:219 / colon cancer;DOID:1324 / lung cancer;DOID:3070 / malignant glioma;DOID:2531 / hematologic cancer;DOID:4606 / bile duct cancer;DOID:4159 / skin cancer;DOID:2394 / ovarian cancer;DOID:5041 / esophageal cancer;DOID:1793 / pancreatic cancer;DOID:363 / uterine cancer;DOID:10534 / stomach cancer;DOID:3571 / liver cancer;DOID:263 / kidney cancer;DOID:1319 / brain cancer;DOID:8618 / oral cavity cancer;DOID:0060119 / pharynx cancer;DOID:11054 / urinary bladder cancer,ClinVar;ICGC;TCGA;COSMIC;IntOGen,TCGA-FD-A3SJ;TCGA-FS-A1ZW;TCGA-EE-A3J7;TCGA-KL-8337;TCGA-FI-A2F8;TCGA-EE-A3AD;TCGA-IB-A5SP,7997263;8956789;11159175;11282486;10948316;8028358;7651727;24667986;15802015;21533174;9622088;15221786;15305417;8934544;7981076;9264274;10091733;9635683;11078762;10697269;7715016;9649138;7946294;24121792;17388661;8631591;15915369;22877736;17523278;11389059;11244334;8033152;22923510;21252315;11801555;11079169;9000573;21720365;18772397;22817889;7767983;8317886;14688025;21512767;23856246;11051241;11704835;7628866;22495314;16959974;8241511;23851445;10896202;10084308;23525077;7917542;11555594,Sarcoma,1565143,Germline and somatic,Loss
P04637,TP53,Cellular tumor antigen p53,393,N,-,Cytoplasm;Nucleus,239,NSSC,string_search,-,-,   - ,241,S,Y,1,-,1/105|ICGC;3/57|TCGA;1/279|ICGC;1/50|ICGC;1|COSMIC;1|COSMIC;1|COSMIC;1|COSMIC;1|COSMIC;1/289|TCGA;2|COSMIC;1|COSMIC;1|COSMIC;1|COSMIC;1/316|IntOGen;1|COSMIC,probably damaging,DOID:1612 / breast cancer;DOID:219 / colon cancer;DOID:2531 / hematologic cancer;DOID:363 / uterine cancer;DOID:2394 / ovarian cancer;DOID:10534 / stomach cancer;DOID:263 / kidney cancer;DOID:8618 / oral cavity cancer;DOID:1319 / brain cancer;DOID:1993 / rectum cancer;DOID:11054 / urinary bladder cancer,ICGC;TCGA;COSMIC;IntOGen,TCGA-QN-A5NN;TCGA-DB-A4XE;TCGA-N5-A4RT;TCGA-ND-A4W6,8824725;21720365;21901162;7728762;10492244;22895193;17285122;24292195;10706127,Li-Fraumeni syndrome,23259501,Somatic only,Loss
P04637,TP53,Cellular tumor antigen p53,393,N,-,Cytoplasm;Nucleus,311,NTSS,NetNGlyc_prediction / string_search,-,-,   + ,311,N,K,1,-,1|COSMIC,benign,DOID:2394 / ovarian cancer,COSMIC,-,16183105,-,-,Somatic only,Loss
P06731,CEACAM5,Carcinoembryonic antigen-related cell adhesion molecule 5,702,Y,1--34,Membrane,612,NLSC,UniProt-Manual_assertion / NetNGlyc_prediction / string_search,Ig-like 7.,-,   + ,612,N,K,1,-,1/181|ICGC;1|COSMIC,benign,DOID:2394 / ovarian cancer,ICGC;COSMIC,-,-,-,-,Somatic only,Loss
P06865,HEXA,Beta-hexosaminidase subunit alpha,529,Y,1--22,-,295,NNTY,UniProt-PubMed:1533633;PubMed:16698036;PubMed:19159218 / NetNGlyc_prediction / string_search,-,-,   + ,295,N,S,1,0.0005,1|COSMIC,possibly damaging,DOID:2394 / ovarian cancer,COSMIC,-,-,-,-,Germline and somatic,Loss
P09172,DBH,Dopamine beta-hydroxylase,617,N,-,Membrane,344,NDSS,string_search,-,-,   - ,344,N,H,1,-,1/316|IntOGen;1|COSMIC,benign,DOID:2394 / ovarian cancer,COSMIC;IntOGen,-,21720365,-,-,Somatic only,Loss
P09471,GNAO1,Guanine nucleotide-binding protein G(o) subunit alpha,354,N,-,Membrane,142,NRSR,NetNGlyc_prediction / string_search,-,-,   + ,142,N,S,1,-,1/130|TCGA;1|COSMIC;1|COSMIC;1/233|ICGC;1/98|IntOGen;1/181|ICGC,benign,DOID:2394 / ovarian cancer;DOID:11054 / urinary bladder cancer,ICGC;TCGA;COSMIC;IntOGen,TCGA-H4-A2HQ,-,-,-,Germline and somatic,Loss
P09923,ALPI,Intestinal-type alkaline phosphatase,528,Y,1--19,Membrane,268,NRTE,UniProt-Manual_assertion / NetNGlyc_prediction / string_search,-,-,   + ,270,T,N,1,-,1/181|ICGC;1|COSMIC,benign,DOID:2394 / ovarian cancer,ICGC;COSMIC,-,-,-,-,Somatic only,Loss
P11215,ITGAM,Integrin alpha-M,1152,Y,1--16,Membrane,1050,NLSF,UniProt-Manual_assertion / string_search,-,-,   - ,1052,S,W,1,-,1|COSMIC;1/181|ICGC,probably damaging,DOID:2394 / ovarian cancer,ICGC;COSMIC,-,-,-,-,Somatic only,Loss
P13533,MYH6,Myosin-6,1939,N,-,Cytoplasm,445,NATL,NetNGlyc_prediction / string_search,-,-,   + ,447,T,I,1,-,1|COSMIC;1/181|ICGC,possibly damaging,DOID:2394 / ovarian cancer,ICGC;COSMIC,-,-,-,-,Somatic only,Loss
P13569,CFTR,Cystic fibrosis transmembrane conductance regulator,1480,N,-,Membrane,386,NLTT,NetNGlyc_prediction / string_search,-,-, +++ ,386,N,K,1,-,1/316|IntOGen;1|COSMIC,possibly damaging,DOID:2394 / ovarian cancer,COSMIC;IntOGen,-,21720365,-,-,Somatic only,Loss
P14410,SI,"Sucrase-isomaltase, intestinal",1827,N,-,Membrane,1303,NETK,UniProt-Manual_assertion / NetNGlyc_prediction / string_search,-,-,   + ,1305,T,I,1,-,1|COSMIC;1/181|ICGC,probably damaging,DOID:2394 / ovarian cancer,ICGC;COSMIC,-,-,-,-,Germline and somatic,Loss
P14410,SI,"Sucrase-isomaltase, intestinal",1827,N,-,Membrane,1403,NGTT,UniProt-Manual_assertion / NetNGlyc_prediction / string_search,-,-,   + ,1403,N,S,1,-,1|COSMIC,benign,DOID:2394 / ovarian cancer,COSMIC,-,-,-,-,Somatic only,Loss
P15391,CD19,B-lymphocyte antigen CD19,556,Y,1--19,Membrane,138,NRSS,UniProt-Manual_assertion / NetNGlyc_prediction / string_search,-,-,  ++ ,140,S,Y,1,-,1/316|IntOGen;1|COSMIC,possibly damaging,DOID:2394 / ovarian cancer,COSMIC;IntOGen,-,21720365,-,-,Somatic only,Loss
P19544,WT1,Wilms tumor protein,449,N,-,Cytoplasm;Nucleus,266,NHST,string_search,-,-,   - ,266,N,S,1,-,1|COSMIC;1|COSMIC;1/181|ICGC;1|COSMIC,probably damaging,DOID:2394 / ovarian cancer;DOID:219 / colon cancer;DOID:263 / kidney cancer,ICGC;COSMIC,-,9751632,-,-,Somatic only,Loss
P19823,ITIH2,Inter-alpha-trypsin inhibitor heavy chain H2,946,Y,1--18,Secreted,96,NNSP,UniProt-PubMed:16335952 / string_search,-,-, --- ,96,N,K,1,-,1/316|IntOGen;1|COSMIC,probably damaging,DOID:2394 / ovarian cancer,COSMIC;IntOGen,-,21720365,-,-,Somatic only,Loss
P22001,KCNA3,Potassium voltage-gated channel subfamily A member 3,575,N,-,Membrane,109,NISG,NetNGlyc_prediction / string_search,-,-,   + ,109,N,I,1,-,1|COSMIC,probably damaging,DOID:2394 / ovarian cancer,COSMIC,-,-,-,-,Somatic only,Loss
P25092,GUCY2C,Heat-stable enterotoxin receptor,1073,Y,1--23,Membrane,757,NESY,string_search,-,-,  -- ,757,N,I,1,-,3/181|ICGC;1|COSMIC,possibly damaging,DOID:2394 / ovarian cancer,ICGC;COSMIC,-,-,-,-,Somatic only,Loss
P25391,LAMA1,Laminin subunit alpha-1,3075,Y,1--17,Secreted,1407,NHSD,UniProt-Manual_assertion / NetNGlyc_prediction / string_search,-,-,   + ,1407,N,I,1,-,1/181|ICGC;1|COSMIC,probably damaging,DOID:2394 / ovarian cancer,ICGC;COSMIC,-,-,-,-,Somatic only,Loss
P25929,NPY1R,Neuropeptide Y receptor type 1,384,N,-,Membrane,11,NHSV,UniProt-Manual_assertion / string_search,-,-,   - ,13,S,L,1,-,1|COSMIC;2/181|ICGC,possibly damaging,DOID:2394 / ovarian cancer,ICGC;COSMIC,-,-,-,-,Somatic only,Loss
P29466,CASP1,Caspase-1,404,N,-,Cytoplasm,205,NLTA,NetNGlyc_prediction / string_search,-,-,   + ,205,N,I,1,-,1|COSMIC;1/316|IntOGen,probably damaging,DOID:2394 / ovarian cancer,COSMIC;IntOGen,-,21720365,-,-,Somatic only,Loss
P30531,SLC6A1,Sodium- and chloride-dependent GABA transporter 1,599,N,-,Membrane,176,NYSM,UniProt-Manual_assertion / string_search,-,-,   - ,176,N,T,1,-,1/181|ICGC;1|COSMIC,probably damaging,DOID:2394 / ovarian cancer,ICGC;COSMIC,-,-,-,-,Somatic only,Loss
P32004,L1CAM,Neural cell adhesion molecule L1,1257,Y,1--19,Membrane,849,NVTY,UniProt-Manual_assertion / NetNGlyc_prediction / string_search,-,-,  ++ ,851,T,M,1,-,1/316|IntOGen,probably damaging,DOID:2394 / ovarian cancer,IntOGen,-,-,-,-,Germline and somatic,Loss
P32245,MC4R,Melanocortin receptor 4,332,N,-,Membrane,3,NSTH,UniProt-Manual_assertion / NetNGlyc_prediction / string_search,-,-,  ++ ,3,N,K,1,-,1|COSMIC;1/316|IntOGen,benign,DOID:2394 / ovarian cancer,COSMIC;IntOGen,-,21720365,-,-,Somatic only,Loss
P32456,GBP2,Interferon-induced guanylate-binding protein 2,591,N,-,Cytoplasm;Membrane;Nucleus,111,NDSW,NetNGlyc_prediction / string_search,GB1/RHD3-type G.,-,   + ,113,S,F,1,-,1/316|IntOGen;1|COSMIC;1/181|ICGC;1|COSMIC,probably damaging,DOID:2394 / ovarian cancer;DOID:5672 / large intestine cancer,ICGC;COSMIC;IntOGen,-,21720365,-,-,Somatic only,Loss
P34981,TRHR,Thyrotropin-releasing hormone receptor,398,N,-,Membrane,347,NYSV,NetNGlyc_prediction / string_search,-,-,   + ,349,S,C,1,-,1|COSMIC,probably damaging,DOID:2394 / ovarian cancer,COSMIC,-,-,-,-,Somatic only,Loss
P35579,MYH9,Myosin-9,1960,N,-,Cytoplasm,1007,NLTE,NetNGlyc_prediction / string_search,-,-,   + ,1009,T,I,1,-,1|COSMIC,benign,DOID:2394 / ovarian cancer,COSMIC,-,-,-,-,Somatic only,Loss
P35749,MYH11,Myosin-11,1972,N,-,-,670,NTTP,string_search,-,-, --- ,672,T,M,1,-,1/316|IntOGen;1/508|TCGA;1|COSMIC,possibly damaging,DOID:2394 / ovarian cancer;DOID:11934 / head and neck cancer,TCGA;COSMIC;IntOGen,TCGA-F7-A623,21720365,-,-,Germline and somatic,Loss
P42081,CD86,T-lymphocyte activation antigen CD86,329,Y,1--23,Membrane,135,NFSQ,UniProt-Manual_assertion / NetNGlyc_prediction / string_search,-,-,   + ,135,N,H,1,-,1/316|IntOGen;1|COSMIC,probably damaging,DOID:2394 / ovarian cancer,COSMIC;IntOGen,-,21720365,-,-,Somatic only,Loss
P46934,NEDD4,E3 ubiquitin-protein ligase NEDD4,1319,N,-,Cytoplasm;Membrane,159,NGSY,string_search,-,-,   - ,161,S,Y,1,-,1/316|IntOGen;1|COSMIC,probably damaging,DOID:2394 / ovarian cancer,COSMIC;IntOGen,-,21720365,-,-,Somatic only,Loss
P47900,P2RY1,P2Y purinoceptor 1,373,N,-,Membrane,197,NKTI,UniProt-Manual_assertion / NetNGlyc_prediction / string_search,-,-,  ++ ,199,T,A,1,-,1|COSMIC;1/181|ICGC,benign,DOID:2394 / ovarian cancer,ICGC;COSMIC,-,-,-,-,Somatic only,Loss
P48960,CD97,CD97 antigen,835,Y,1--20,Membrane;Secreted,406,NMTT,UniProt-Manual_assertion / NetNGlyc_prediction / string_search,-,-,   + ,406,N,D,1,-,1|COSMIC;1/316|IntOGen,possibly damaging,DOID:2394 / ovarian cancer,COSMIC;IntOGen,-,21720365,-,-,Somatic only,Loss
P49674,CSNK1E,Casein kinase I isoform epsilon,416,N,-,Cytoplasm;Nucleus,172,NLTG,NetNGlyc_prediction / string_search,Protein kinase. ,-,  ++ ,172,N,K,1,-,1|COSMIC;1/181|ICGC;1/316|IntOGen,probably damaging,DOID:2394 / ovarian cancer,ICGC;COSMIC;IntOGen,-,21720365,-,-,Somatic only,Loss
P49736,MCM2,DNA replication licensing factor MCM2,904,N,-,Nucleus,698,NGSA,NetNGlyc_prediction / string_search,-,-,  ++ ,700,S,I,1,-,1|COSMIC,-,DOID:2394 / ovarian cancer,COSMIC,-,-,-,-,Somatic only,Loss
P49746,THBS3,Thrombospondin-3,956,Y,1--22,-,310,NGTH,UniProt-Manual_assertion / NetNGlyc_prediction / string_search,-,-,   + ,310,N,S,1,-,1/316|IntOGen;1|COSMIC,possibly damaging,DOID:2394 / ovarian cancer,COSMIC;IntOGen,-,21720365,-,-,Somatic only,Loss
P50747,HLCS,Biotin--protein ligase,726,N,-,Cytoplasm,156,NLTG,NetNGlyc_prediction / string_search,-,-,   + ,156,N,K,1,-,1|COSMIC;1/316|IntOGen,possibly damaging,DOID:2394 / ovarian cancer,COSMIC;IntOGen,-,21720365,-,-,Somatic only,Loss
P51685,CCR8,C-C chemokine receptor type 8,355,N,-,Membrane,232,NKTK,NetNGlyc_prediction / string_search,-,-, +++ ,232,N,K,1,-,1/316|IntOGen;1|COSMIC;1/181|ICGC,benign,DOID:2394 / ovarian cancer,ICGC;COSMIC;IntOGen,-,21720365,-,-,Somatic only,Loss
P53677,AP3M2,AP-3 complex subunit mu-2,418,N,-,Membrane,9,NSSG,NetNGlyc_prediction / string_search,-,-,  ++ ,11,S,C,1,-,1/181|ICGC;1|COSMIC,probably damaging,DOID:2394 / ovarian cancer,ICGC;COSMIC,-,-,-,-,Somatic only,Loss
P54289,CACNA2D1,Voltage-dependent calcium channel subunit alpha-2/delta-1,1103,Y,1--24,Membrane,324,NITA,UniProt-Manual_assertion / string_search,-,-,   - ,326,T,A,1,-,1|COSMIC;1|COSMIC,benign,DOID:2394 / ovarian cancer;DOID:5672 / large intestine cancer,COSMIC,-,21720365,-,-,Somatic only,Loss
P55160,NCKAP1L,Nck-associated protein 1-like,1127,N,-,Membrane,69,NSTQ,string_search,-,-,   - ,71,T,M,1,-,1|COSMIC;1/316|IntOGen,probably damaging,DOID:2394 / ovarian cancer,COSMIC;IntOGen,-,21720365,-,-,Germline and somatic,Loss
P56645,PER3,Period circadian protein homolog 3,1201,N,-,Cytoplasm;Nucleus,564,NTTS,NetNGlyc_prediction / string_search,-,-,  ++ ,566,T,I,1,-,1/181|ICGC;1/316|IntOGen;1|COSMIC,probably damaging,DOID:2394 / ovarian cancer,ICGC;COSMIC;IntOGen,-,21720365,-,-,Germline and somatic,Loss
P56715,RP1,Oxygen-regulated protein 1,2156,N,-,Cytoplasm,1320,NHTY,string_search,-,-,   - ,1322,T,A,1,-,1|COSMIC;1/181|ICGC,benign,DOID:2394 / ovarian cancer,ICGC;COSMIC,-,-,-,-,Somatic only,Loss
P60508,ERVFRD-1,Syncytin-2,538,Y,1--15,Membrane,177,NITF,UniProt-Manual_assertion / NetNGlyc_prediction / string_search,-,-,  ++ ,179,T,P,1,-,1/316|IntOGen;1|COSMIC,probably damaging,DOID:2394 / ovarian cancer,COSMIC;IntOGen,-,21720365,-,-,Somatic only,Loss
P61086,UBE2K,Ubiquitin-conjugating enzyme E2 K,200,N,-,Cytoplasm,83,NISS,NetNGlyc_prediction / string_search,-,-,   + ,83,N,D,1,-,1|COSMIC,probably damaging,DOID:2394 / ovarian cancer,COSMIC,-,22102435,-,-,Somatic only,Loss
P68400,CSNK2A1,Casein kinase II subunit alpha,391,N,-,-,58,NITN,NetNGlyc_prediction / string_search,Protein kinase. ,-, +++ ,60,T,P,1,-,1|COSMIC,benign,DOID:2394 / ovarian cancer,COSMIC,-,-,-,-,Somatic only,Loss
P82279,CRB1,Protein crumbs homolog 1,1406,Y,1--25,Membrane;Secreted,287,NCTG,UniProt-Manual_assertion / NetNGlyc_prediction / string_search,-,-,   + ,289,T,M,1,-,1/316|IntOGen;1|COSMIC,possibly damaging,DOID:2394 / ovarian cancer,COSMIC;IntOGen,-,21720365,Leber congenital amaurosis,11231775,Germline and somatic,Loss
Q02386,ZNF45,Zinc finger protein 45,682,N,-,Nucleus,76,NSSG,NetNGlyc_prediction / string_search,KRAB. ,-,   + ,76,N,S,1,-,1/181|ICGC;1/316|IntOGen;1|COSMIC,benign,DOID:2394 / ovarian cancer,ICGC;COSMIC;IntOGen,-,21720365,-,-,Somatic only,Loss
Q02643,GHRHR,Growth hormone-releasing hormone receptor,423,Y,1--22,Membrane,216,NFSW,string_search,-,-,   - ,216,N,T,1,-,1|COSMIC;1/316|IntOGen,probably damaging,DOID:2394 / ovarian cancer,COSMIC;IntOGen,-,21720365,-,-,Somatic only,Loss
Q05996,ZP2,Zona pellucida sperm-binding protein 2,745,Y,1--38,Membrane;Secreted,122,NNSA,UniProt-Manual_assertion / string_search,-,-,  -- ,124,S,C,1,-,1|COSMIC,probably damaging,DOID:2394 / ovarian cancer,COSMIC,-,-,-,-,Somatic only,Loss
Q07699,SCN1B,Sodium channel subunit beta-1,218,Y,1--18,Membrane;Secreted,135,NTSV,UniProt-Manual_assertion / NetNGlyc_prediction / string_search,Ig-like C2-type.,-,   + ,137,S,N,1,-,1/316|IntOGen;1|COSMIC,benign,DOID:2394 / ovarian cancer,COSMIC;IntOGen,-,21720365,-,-,Somatic only,Loss
Q07954,LRP1,Prolow-density lipoprotein receptor-related protein 1,4544,Y,1--19,Cytoplasm;Membrane;Nucleus,2048,NVSI,NetNGlyc_prediction / UniProt-Manual_assertion / string_search,-,-,   + ,2048,N,K,1,-,1/316|IntOGen;1|COSMIC,possibly damaging,DOID:2394 / ovarian cancer,COSMIC;IntOGen,-,21720365,-,-,Somatic only,Loss
Q08722,CD47,Leukocyte surface antigen CD47,323,Y,1--18,Membrane,73,NKST,UniProt-PubMed:18657508;PubMed:19159218;PubMed:19349973 / NetNGlyc_prediction / string_search,Ig-like V-type.,-,  ++ ,75,S,C,1,-,1|COSMIC;1/316|IntOGen,probably damaging,DOID:2394 / ovarian cancer,COSMIC;IntOGen,-,21720365,-,-,Somatic only,Loss
Q12840,KIF5A,Kinesin heavy chain isoform 5A,1032,N,-,Cytoplasm,56,NTTQ,NetNGlyc_prediction / string_search,Kinesin motor. ,-,  ++ ,58,T,I,1,-,1|COSMIC,probably damaging,DOID:2394 / ovarian cancer,COSMIC,-,-,-,-,Somatic only,Loss
Q12906,ILF3,Interleukin enhancer-binding factor 3,894,N,-,Cytoplasm;Nucleus,760,NQSP,string_search,-,-, --- ,762,S,R,1,-,1/181|ICGC;1|COSMIC,benign,DOID:2394 / ovarian cancer,ICGC;COSMIC,-,-,-,-,Somatic only,Loss
Q12926,ELAVL2,ELAV-like protein 2,359,N,-,-,354,NKTH,string_search,RRM 3. ,-,   - ,356,T,M,1,-,1|COSMIC;1/316|IntOGen,possibly damaging,DOID:2394 / ovarian cancer,COSMIC;IntOGen,-,21720365,-,-,Germline and somatic,Loss
Q12929,EPS8,Epidermal growth factor receptor kinase substrate 8,822,N,-,Cytoplasm;Membrane,395,NYTV,NetNGlyc_prediction / string_search,-,-,  ++ ,395,N,H,1,-,1|COSMIC,benign,DOID:2394 / ovarian cancer,COSMIC,-,-,-,-,Somatic only,Loss
Q13023,AKAP6,A-kinase anchor protein 6,2319,N,-,Membrane;Nucleus,2177,NESA,string_search,-,-,  -- ,2179,S,C,1,-,1/181|ICGC;1/316|IntOGen;1|COSMIC,possibly damaging,DOID:2394 / ovarian cancer,ICGC;COSMIC;IntOGen,-,21720365,-,-,Somatic only,Loss
Q13061,TRDN,Triadin,729,N,-,Membrane,75,NFSA,UniProt-Manual_assertion / string_search,-,-,   - ,75,N,I,1,-,1|COSMIC;1/316|IntOGen,probably damaging,DOID:2394 / ovarian cancer,COSMIC;IntOGen,-,21720365,-,-,Germline and somatic,Loss
Q14517,FAT1,Protocadherin Fat 1,4588,Y,1--21,Cytoplasm;Membrane;Nucleus,1551,NVSD,NetNGlyc_prediction / UniProt-Manual_assertion / string_search,-,-,  ++ ,1553,S,R,1,-,1/316|IntOGen;1|COSMIC,possibly damaging,DOID:2394 / ovarian cancer,COSMIC;IntOGen,-,21720365,-,-,Somatic only,Loss
Q14527,HLTF,Helicase-like transcription factor,1009,N,-,Cytoplasm;Nucleus,920,NLSA,string_search,Helicase C-terminal. ,-,   - ,920,N,S,1,-,2|COSMIC,probably damaging,DOID:2394 / ovarian cancer,COSMIC,-,23856246,-,-,Somatic only,Loss
Q14573,ITPR3,"Inositol 1,4,5-trisphosphate receptor type 3",2671,N,-,Membrane,1487,NSTS,NetNGlyc_prediction / string_search,-,-,   + ,1487,N,S,1,-,1/316|IntOGen;1|COSMIC,benign,DOID:2394 / ovarian cancer,COSMIC;IntOGen,-,21720365,-,-,Somatic only,Loss
Q14703,MBTPS1,Membrane-bound transcription factor site-1 protease,1052,Y,1--17,Membrane,236,NWTN,UniProt-Manual_assertion / NetNGlyc_prediction / string_search,Peptidase S8.,-,  ++ ,238,T,N,1,-,1/181|ICGC;1/316|IntOGen;1|COSMIC,possibly damaging,DOID:2394 / ovarian cancer,ICGC;COSMIC;IntOGen,-,21720365,-,-,Somatic only,Loss
Q14865,ARID5B,AT-rich interactive domain-containing protein 5B,1188,N,-,Nucleus,673,NYTP,string_search,-,-, --- ,675,T,M,1,0.0005,1/181|ICGC;1|COSMIC,probably damaging,DOID:2394 / ovarian cancer,ICGC;COSMIC,-,-,-,-,Germline and somatic,Loss
Q14CN2,CLCA4,Calcium-activated chloride channel regulator 4,919,Y,1--21,Membrane;Secreted,811,NTTD,UniProt-PubMed:16740002 / NetNGlyc_prediction / string_search,-,-,   + ,811,N,S,1,-,1|COSMIC,probably damaging,DOID:2394 / ovarian cancer,COSMIC,-,-,-,-,Somatic only,Loss
Q15437,SEC23B,Protein transport protein Sec23B,767,N,-,Membrane,241,NLTD,NetNGlyc_prediction / string_search,-,-,  ++ ,241,N,Y,1,-,1|COSMIC;1/181|ICGC,benign,DOID:2394 / ovarian cancer,ICGC;COSMIC,-,-,-,-,Somatic only,Loss
Q15513,SPHAR,Protein SPHAR,63,N,-,-,51,NVSF,NetNGlyc_prediction / string_search,-,-,   + ,51,N,H,1,-,1|COSMIC,probably damaging,DOID:2394 / ovarian cancer,COSMIC,-,-,-,-,Somatic only,Loss
Q15858,SCN9A,Sodium channel protein type 9 subunit alpha,1988,N,-,Membrane,1120,NRSS,NetNGlyc_prediction / string_search,-,-,   + ,1120,N,Y,1,-,1/181|ICGC;1/316|IntOGen;1|COSMIC,possibly damaging,DOID:2394 / ovarian cancer,ICGC;COSMIC;IntOGen,-,21720365,-,-,Somatic only,Loss
Q15858,SCN9A,Sodium channel protein type 9 subunit alpha,1988,N,-,Membrane,1352,NTTD,UniProt-Manual_assertion / NetNGlyc_prediction / string_search,-,-,   + ,1354,T,K,1,-,1/316|IntOGen;1|COSMIC,probably damaging,DOID:2394 / ovarian cancer,COSMIC;IntOGen,-,21720365,-,-,Somatic only,Loss
Q16281,CNGA3,Cyclic nucleotide-gated cation channel alpha-3,694,N,-,Membrane,652,NATQ,NetNGlyc_prediction / string_search,-,HELIX,   + ,654,T,I,1,-,1/316|IntOGen;1|COSMIC,benign,DOID:2394 / ovarian cancer,COSMIC;IntOGen,-,21720365,-,-,Somatic only,Loss
Q16821,PPP1R3A,Protein phosphatase 1 regulatory subunit 3A,1122,N,-,Membrane,448,NGTV,NetNGlyc_prediction / string_search,-,-,  ++ ,450,T,P,1,-,1|COSMIC;2/181|ICGC,benign,DOID:2394 / ovarian cancer,ICGC;COSMIC,-,-,-,-,Somatic only,Loss
Q2LD37,KIAA1109,Uncharacterized protein KIAA1109,5005,N,-,Membrane,4902,NSSD,string_search,-,-,   - ,4903,S,P,1,-,1/316|IntOGen;1|COSMIC,probably damaging,DOID:2394 / ovarian cancer,COSMIC;IntOGen,-,21720365,-,-,Somatic only,Loss
Q2M1Z3,ARHGAP31,Rho GTPase-activating protein 31,1444,N,-,-,776,NLSP,string_search,-,-, --- ,776,N,T,1,-,1/404|ICGC;1|COSMIC;1/451|TCGA;1/181|ICGC;1|COSMIC;1/417|IntOGen;1/316|IntOGen,benign,DOID:2394 / ovarian cancer;DOID:263 / kidney cancer,ICGC;TCGA;COSMIC;IntOGen,TCGA-CJ-4887,21720365,-,-,Somatic only,Loss
Q2M2I8,AAK1,AP2-associated protein kinase 1,961,N,-,Membrane,113,NVSS,NetNGlyc_prediction / string_search,Protein kinase. ,-,   + ,115,S,I,1,-,1|COSMIC;1/181|ICGC,probably damaging,DOID:2394 / ovarian cancer,ICGC;COSMIC,-,-,-,-,Somatic only,Loss
Q2M3W8,ZNF181,Zinc finger protein 181,571,N,-,Nucleus,213,NKSG,NetNGlyc_prediction / string_search,-,-,  ++ ,213,N,D,1,-,1|COSMIC;1/316|IntOGen;1|COSMIC,benign,DOID:2394 / ovarian cancer;DOID:219 / colon cancer,COSMIC;IntOGen,-,21720365,-,-,Somatic only,Loss
Q3KNS1,PTCHD3,Patched domain-containing protein 3,767,N,-,Membrane,737,NISS,string_search,-,-,   - ,739,S,Y,1,-,1|COSMIC;1/181|ICGC,possibly damaging,DOID:2394 / ovarian cancer,ICGC;COSMIC,-,-,-,-,Somatic only,Loss
Q460N3,PARP15,Poly [ADP-ribose] polymerase 15,678,N,-,Nucleus,575,NRSC,string_search,PARP catalytic. ,-,   - ,577,S,N,1,-,1|COSMIC;1/316|IntOGen,probably damaging,DOID:2394 / ovarian cancer,COSMIC;IntOGen,-,21720365,-,-,Somatic only,Loss
Q53GD3,SLC44A4,Choline transporter-like protein 4,710,N,-,Membrane,405,NTSC,UniProt-Manual_assertion / string_search,-,-,   - ,407,S,A,1,-,1|COSMIC,-,DOID:2394 / ovarian cancer,COSMIC,-,-,-,-,Somatic only,Loss
Q53T94,TAF1B,TATA box-binding protein-associated factor RNA polymerase I subunit B,588,N,-,Nucleus,534,NYSL,NetNGlyc_prediction / string_search,-,-,   + ,534,N,K,1,-,1/316|IntOGen;1|COSMIC;1/181|ICGC,probably damaging,DOID:2394 / ovarian cancer,ICGC;COSMIC;IntOGen,-,21720365,-,-,Somatic only,Loss
Q53T94,TAF1B,TATA box-binding protein-associated factor RNA polymerase I subunit B,588,N,-,Nucleus,66,NNTE,NetNGlyc_prediction / string_search,-,-,   + ,66,N,K,1,-,1|COSMIC;1|COSMIC,benign,DOID:2394 / ovarian cancer,COSMIC,-,23563269,-,-,Germline and somatic,Loss
Q5GLZ8,HERC4,Probable E3 ubiquitin-protein ligase HERC4,1057,N,-,Cytoplasm,906,NKSV,string_search,HECT. ,-,   - ,906,N,S,1,-,1/316|IntOGen;1|COSMIC,possibly damaging,DOID:2394 / ovarian cancer,COSMIC;IntOGen,-,21720365,-,-,Germline and somatic,Loss
Q5IJ48,CRB2,Protein crumbs homolog 2,1285,Y,1--28,Membrane;Secreted,836,NFTG,UniProt-Manual_assertion / string_search,-,-,   - ,838,T,M,1,-,1/181|ICGC;1|COSMIC,probably damaging,DOID:2394 / ovarian cancer,ICGC;COSMIC,-,-,-,-,Germline and somatic,Loss
Q5JS37,NHLRC3,NHL repeat-containing protein 3,347,Y,1--25,Secreted,206,NGTG,UniProt-Manual_assertion / NetNGlyc_prediction / string_search,-,-,   + ,206,N,S,1,-,1|COSMIC,benign,DOID:2394 / ovarian cancer,COSMIC,-,-,-,-,Somatic only,Loss
Q5SZK8,FREM2,FRAS1-related extracellular matrix protein 2,3169,Y,1--46,Membrane,358,NLTS,UniProt-Manual_assertion / NetNGlyc_prediction / string_search,-,-, +++ ,358,N,S,1,-,1/316|IntOGen;1|COSMIC,possibly damaging,DOID:2394 / ovarian cancer,COSMIC;IntOGen,-,21720365,-,-,Germline and somatic,Loss
Q5T447,HECTD3,E3 ubiquitin-protein ligase HECTD3,861,N,-,Cytoplasm,257,NVSC,NetNGlyc_prediction / string_search,-,-,   + ,257,N,S,1,-,1/316|IntOGen;1|COSMIC,benign,DOID:2394 / ovarian cancer,COSMIC;IntOGen,-,21720365,-,-,Somatic only,Loss
Q5T8I9,HENMT1,Small RNA 2'-O-methyltransferase,393,N,-,Cytoplasm,105,NLTI,NetNGlyc_prediction / string_search,-,-, +++ ,105,N,H,1,-,1/181|ICGC;1|COSMIC;1/316|IntOGen,probably damaging,DOID:2394 / ovarian cancer,ICGC;COSMIC;IntOGen,-,21720365,-,-,Somatic only,Loss
Q5TF21,SOGA3,Protein SOGA3,947,Y,1--21,Membrane,628,NGSA,string_search,-,-,   - ,630,S,L,1,-,1|COSMIC,benign,DOID:2394 / ovarian cancer,COSMIC,-,22102435,-,-,Somatic only,Loss
Q5TIE3,VWA5B1,von Willebrand factor A domain-containing protein 5B1,1220,Y,1--18,Secreted,650,NLSQ,UniProt-Manual_assertion / NetNGlyc_prediction / string_search,-,-,  ++ ,651,L,P,1,-,1|COSMIC;1/181|ICGC,probably damaging,DOID:2394 / ovarian cancer,ICGC;COSMIC,-,-,-,-,Somatic only,Loss
Q5UIP0,RIF1,Telomere-associated protein RIF1,2472,N,-,Cytoplasm;Nucleus,2083,NKTE,NetNGlyc_prediction / string_search,-,-,   + ,2083,N,Y,1,-,1|COSMIC,benign,DOID:2394 / ovarian cancer,COSMIC,-,-,-,-,Somatic only,Loss
Q5VXM1,CDCP2,CUB domain-containing protein 2,449,Y,1--22,Secreted,267,NFSS,UniProt-Manual_assertion / NetNGlyc_prediction / string_search,CUB 3. ,-,  ++ ,267,N,I,1,-,1|COSMIC;1/316|IntOGen;1/181|ICGC,probably damaging,DOID:2394 / ovarian cancer,ICGC;COSMIC;IntOGen,-,21720365,-,-,Somatic only,Loss
Q5VYS4,MEDAG,Mesenteric estrogen-dependent adipogenesis protein,303,N,-,Cytoplasm,189,NLSF,string_search,-,-,   - ,191,S,R,1,-,1|COSMIC,benign,DOID:2394 / ovarian cancer,COSMIC,-,-,-,-,Germline and somatic,Loss
Q6ICG8,WBP2NL,Postacrosomal sheath WW domain-binding protein,309,N,-,-,4,NQSH,NetNGlyc_prediction / string_search,-,-,  ++ ,6,S,C,1,-,1/316|IntOGen;1|COSMIC,probably damaging,DOID:2394 / ovarian cancer,COSMIC;IntOGen,-,21720365,-,-,Somatic only,Loss
Q6P2E9,EDC4,Enhancer of mRNA-decapping protein 4,1401,N,-,Cytoplasm;Nucleus,484,NDSL,string_search,-,-,   - ,484,N,D,1,-,1|COSMIC;1/316|IntOGen,benign,DOID:2394 / ovarian cancer,COSMIC;IntOGen,-,21720365,-,-,Germline and somatic,Loss
Q6P995,FAM171B,Protein FAM171B,826,Y,1--32,Membrane,581,NFTQ,NetNGlyc_prediction / string_search,-,-,   + ,583,T,M,1,-,1|COSMIC,possibly damaging,DOID:2394 / ovarian cancer,COSMIC,-,-,-,-,Germline and somatic,Loss
Q6PJT7,ZC3H14,Zinc finger CCCH domain-containing protein 14,736,N,-,Cytoplasm;Nucleus,57,NNTI,NetNGlyc_prediction / string_search,-,-,  ++ ,57,N,Y,1,-,1|COSMIC;1/316|IntOGen,probably damaging,DOID:2394 / ovarian cancer,COSMIC;IntOGen,-,21720365,-,-,Somatic only,Loss
Q6UUV7,CRTC3,CREB-regulated transcription coactivator 3,619,N,-,Cytoplasm;Nucleus,158,NRTN,NetNGlyc_prediction / string_search,-,-, +++ ,158,N,K,1,-,1|COSMIC;1/316|IntOGen,benign,DOID:2394 / ovarian cancer,COSMIC;IntOGen,-,21720365,-,-,Somatic only,Loss
Q6UWU4,C6orf89,Bombesin receptor-activated protein C6orf89,347,N,-,Cytoplasm;Membrane;Nucleus,147,NESE,string_search,-,-,   - ,149,S,P,1,-,1|COSMIC;1/181|ICGC,probably damaging,DOID:2394 / ovarian cancer,ICGC;COSMIC,-,-,-,-,Somatic only,Loss
Q6UX06,OLFM4,Olfactomedin-4,510,Y,1--20,Secreted,352,NLTT,NetNGlyc_prediction / string_search / neXtProt,Olfactomedin-like. ,-,   + ,354,T,N,1,-,1|COSMIC,benign,DOID:2394 / ovarian cancer,COSMIC,-,-,-,-,Somatic only,Loss
Q6ZMH5,SLC39A5,Zinc transporter ZIP5,540,Y,1--20,Membrane,50,NGTL,UniProt-Manual_assertion / NetNGlyc_prediction / string_search,-,-, +++ ,52,T,M,1,-,1|COSMIC,probably damaging,DOID:2394 / ovarian cancer,COSMIC,-,22102435,-,-,Germline and somatic,Loss
Q6ZTA4,TRIM67,Tripartite motif-containing protein 67,783,N,-,Cytoplasm,627,NQTA,NetNGlyc_prediction / string_search,B30.2/SPRY. ,-,   + ,627,N,D,1,-,1|COSMIC;1/181|ICGC;1/316|IntOGen,probably damaging,DOID:2394 / ovarian cancer,ICGC;COSMIC;IntOGen,-,21720365,-,-,Somatic only,Loss
Q6ZW49,PAXIP1,PAX-interacting protein 1,1069,N,-,Nucleus,375,NHSQ,NetNGlyc_prediction / string_search,-,-,   + ,375,N,K,1,-,1|COSMIC;1/316|IntOGen,probably damaging,DOID:2394 / ovarian cancer,COSMIC;IntOGen,-,21720365,-,-,Somatic only,Loss
Q7LG56,RRM2B,Ribonucleoside-diphosphate reductase subunit M2 B,351,N,-,Cytoplasm;Nucleus,23,NESE,NetNGlyc_prediction / string_search,-,-,   + ,25,S,G,1,-,1|COSMIC;1/316|IntOGen;3|COSMIC,-,DOID:2394 / ovarian cancer;DOID:219 / colon cancer,COSMIC;IntOGen,-,21720365,-,-,Somatic only,Loss
Q7Z407,CSMD3,CUB and sushi domain-containing protein 3,3707,N,-,Membrane,2019,NSTS,UniProt-Manual_assertion / NetNGlyc_prediction / string_search,-,-,   + ,2021,T,K,1,-,1/316|IntOGen;1|COSMIC,probably damaging,DOID:2394 / ovarian cancer,COSMIC;IntOGen,-,21720365,-,-,Somatic only,Loss
Q7Z407,CSMD3,CUB and sushi domain-containing protein 3,3707,N,-,Membrane,2291,NGTI,UniProt-Manual_assertion / NetNGlyc_prediction / string_search,-,-,   + ,2293,T,N,1,-,1|COSMIC,probably damaging,DOID:2394 / ovarian cancer,COSMIC,-,-,-,-,Somatic only,Loss
Q86SQ0,PHLDB2,Pleckstrin homology-like domain family B member 2,1253,N,-,Cytoplasm;Membrane,382,NFSC,string_search,-,-,   - ,382,N,S,1,-,1|COSMIC,possibly damaging,DOID:2394 / ovarian cancer,COSMIC,-,-,-,-,Somatic only,Loss
Q86UE3,ZNF546,Zinc finger protein 546,836,N,-,Nucleus,595,NLTQ,NetNGlyc_prediction / string_search,-,-, +++ ,595,N,I,1,-,1/316|IntOGen;1|COSMIC,possibly damaging,DOID:2394 / ovarian cancer,COSMIC;IntOGen,-,21720365,-,-,Somatic only,Loss
Q86UP3,ZFHX4,Zinc finger homeobox protein 4,3567,N,-,Nucleus,1483,NFTM,NetNGlyc_prediction / string_search,-,-,   + ,1483,N,K,1,-,1/316|IntOGen;1|COSMIC;1/181|ICGC,probably damaging,DOID:2394 / ovarian cancer,ICGC;COSMIC;IntOGen,-,21720365,-,-,Somatic only,Loss
Q86UQ4,ABCA13,ATP-binding cassette sub-family A member 13,5058,N,-,Membrane,2507,NDSA,string_search,-,-,   - ,2509,S,I,1,-,1/181|ICGC;1/316|IntOGen;1|COSMIC,benign,DOID:2394 / ovarian cancer,ICGC;COSMIC;IntOGen,-,21720365,-,-,Somatic only,Loss
Q86WS4,C12orf40,Uncharacterized protein C12orf40,652,N,-,-,285,NQST,string_search,-,-,   - ,285,N,K,1,-,1/316|IntOGen;1|COSMIC,possibly damaging,DOID:2394 / ovarian cancer,COSMIC;IntOGen,-,21720365,-,-,Somatic only,Loss
Q86YW9,MED12L,Mediator of RNA polymerase II transcription subunit 12-like protein,2145,N,-,Nucleus,1829,NQSL,NetNGlyc_prediction / string_search,-,-,   + ,1831,S,P,1,-,1/181|ICGC;1/202|TCGA;1|COSMIC,benign,DOID:2394 / ovarian cancer;DOID:3571 / liver cancer,ICGC;TCGA;COSMIC,TCGA-EP-A2KB,-,-,-,Somatic only,Loss
Q8IV36,HID1,Protein HID1,788,N,-,Cytoplasm;Membrane,96,NCSR,NetNGlyc_prediction / string_search,-,-,   + ,98,S,R,1,-,1|COSMIC,benign,DOID:2394 / ovarian cancer,COSMIC,-,-,-,-,Somatic only,Loss
Q8IVL1,NAV2,Neuron navigator 2,2488,N,-,Nucleus,1875,NGST,string_search,-,-,   - ,1877,S,P,1,-,1/181|ICGC;1|COSMIC,possibly damaging,DOID:2394 / ovarian cancer,ICGC;COSMIC,-,-,-,-,Somatic only,Loss
Q8IW19,APLF,Aprataxin and PNK-like factor,511,N,-,Cytoplasm;Nucleus,465,NDSF,string_search,-,-,  -- ,467,S,R,1,-,1/316|IntOGen;1|COSMIC,possibly damaging,DOID:2394 / ovarian cancer,COSMIC;IntOGen,-,21720365,-,-,Somatic only,Loss
Q8IWT6,LRRC8A,Volume-regulated anion channel subunit LRRC8A,810,N,-,Membrane,526,NLSA,NetNGlyc_prediction / string_search,-,-,  ++ ,526,N,K,1,-,1|COSMIC,possibly damaging,DOID:2394 / ovarian cancer,COSMIC,-,-,-,-,Somatic only,Loss
Q8IWU5,SULF2,Extracellular sulfatase Sulf-2,870,Y,1--24,-,198,NDSV,UniProt-PubMed:19159218 / NetNGlyc_prediction / string_search,-,-,   + ,200,S,N,1,-,1|COSMIC,probably damaging,DOID:2394 / ovarian cancer,COSMIC,-,-,-,-,Somatic only,Loss
Q8IYD8,FANCM,Fanconi anemia group M protein,2048,N,-,Nucleus,1186,NNSE,string_search,-,-,   - ,1186,N,T,1,-,1|COSMIC,benign,DOID:2394 / ovarian cancer,COSMIC,-,-,-,-,Somatic only,Loss
Q8IZD6,SLC22A15,Solute carrier family 22 member 15,547,N,-,Membrane,106,NRSY,UniProt-Manual_assertion / NetNGlyc_prediction / string_search,-,-,   + ,108,S,Y,1,-,1|COSMIC;1/316|IntOGen,probably damaging,DOID:2394 / ovarian cancer,COSMIC;IntOGen,-,21720365,-,-,Somatic only,Loss
Q8IZJ3,CPAMD8,C3 and PZP-like alpha-2-macroglobulin domain-containing protein 8,1885,Y,1--25,Membrane;Secreted,1057,NESV,NetNGlyc_prediction / string_search,-,-,   + ,1057,N,S,1,-,1/316|IntOGen;1|COSMIC,-,DOID:2394 / ovarian cancer,COSMIC;IntOGen,-,21720365,-,-,Somatic only,Loss
Q8IZL9,CDK20,Cyclin-dependent kinase 20,346,N,-,Cytoplasm;Nucleus,199,NGSP,string_search,Protein kinase. ,-, --- ,199,N,K,1,-,1|COSMIC,probably damaging,DOID:2394 / ovarian cancer,COSMIC,-,-,-,-,Somatic only,Loss
Q8IZU9,KIRREL3,Kin of IRRE-like protein 3,778,Y,1--21,Membrane,324,NLSR,UniProt-Manual_assertion / NetNGlyc_prediction / string_search,-,-,  ++ ,326,S,I,1,-,1/181|ICGC;1|COSMIC,probably damaging,DOID:2394 / ovarian cancer,ICGC;COSMIC,-,-,-,-,Somatic only,Loss
Q8N139,ABCA6,ATP-binding cassette sub-family A member 6,1617,N,-,Membrane,71,NSSS,string_search,-,-,   - ,71,N,K,1,-,1/181|ICGC;1|COSMIC,probably damaging,DOID:2394 / ovarian cancer,ICGC;COSMIC,-,-,-,-,Somatic only,Loss
Q8N1B4,VPS52,Vacuolar protein sorting-associated protein 52 homolog,723,N,-,Membrane,524,NQTI,NetNGlyc_prediction / string_search,-,-,   + ,526,T,R,1,-,1|COSMIC;1/181|ICGC;1/316|IntOGen,probably damaging,DOID:2394 / ovarian cancer,ICGC;COSMIC;IntOGen,-,21720365,-,-,Somatic only,Loss
Q8N1N0,CLEC4F,C-type lectin domain family 4 member F,589,N,-,Membrane,79,NITG,UniProt-Manual_assertion / NetNGlyc_prediction / string_search,-,-,  ++ ,79,N,I,1,-,1|COSMIC,possibly damaging,DOID:2394 / ovarian cancer,COSMIC,-,-,-,-,Somatic only,Loss
Q8N264,ARHGAP24,Rho GTPase-activating protein 24,748,N,-,Cytoplasm,5,NDST,NetNGlyc_prediction / string_search,-,-,   + ,7,S,F,1,-,1|COSMIC;1/181|ICGC,benign,DOID:2394 / ovarian cancer,ICGC;COSMIC,-,-,-,-,Germline and somatic,Loss
Q8N6C5,IGSF1,Immunoglobulin superfamily member 1,1336,Y,1--28,Membrane;Secreted,607,NLTL,UniProt-Manual_assertion / NetNGlyc_prediction / string_search,-,-,   + ,609,T,N,1,-,1/316|IntOGen,probably damaging,DOID:2394 / ovarian cancer,IntOGen,-,-,-,-,Somatic only,Loss
Q8N7F7,UBL4B,Ubiquitin-like protein 4B,174,N,-,Cytoplasm,64,NASI,NetNGlyc_prediction / string_search,Ubiquitin-like. ,-,   + ,64,N,S,1,-,1/316|IntOGen;1/181|ICGC;1|COSMIC,benign,DOID:2394 / ovarian cancer,ICGC;COSMIC;IntOGen,-,21720365,-,-,Somatic only,Loss
Q8N7P1,PLD5,Inactive phospholipase D5,536,N,-,Membrane,321,NRSF,string_search,-,-,  -- ,323,S,R,1,-,1|COSMIC;2/95|ICGC;1|COSMIC,probably damaging,DOID:2394 / ovarian cancer;DOID:5041 / esophageal cancer,ICGC;COSMIC,-,20826764;23525077,-,-,Germline and somatic,Loss
Q8NA29,MFSD2A,Sodium-dependent lysophosphatidylcholine symporter 1,543,N,-,Membrane,240,NHTH,UniProt-PubMed:21677192 / string_search,-,-,   - ,242,T,K,1,-,1|COSMIC,possibly damaging,DOID:2394 / ovarian cancer,COSMIC,-,-,-,-,Somatic only,Loss
Q8NDV7,TNRC6A,Trinucleotide repeat-containing gene 6A protein,1962,N,-,Cytoplasm,528,NYSG,NetNGlyc_prediction / string_search,-,-,   + ,528,N,S,1,-,1|COSMIC;1/316|IntOGen,benign,DOID:2394 / ovarian cancer,COSMIC;IntOGen,-,21720365,-,-,Somatic only,Loss
Q8NFJ6,PROKR2,Prokineticin receptor 2,384,N,-,Membrane,7,NTSF,UniProt-Manual_assertion / NetNGlyc_prediction / string_search,-,-,  ++ ,9,S,N,1,-,1|COSMIC;1/181|ICGC,benign,DOID:2394 / ovarian cancer,ICGC;COSMIC,-,-,-,-,Somatic only,Loss
Q8NFP9,NBEA,Neurobeachin,2946,N,-,Cytoplasm;Membrane,363,NDSY,string_search,-,-,   - ,363,N,Y,1,-,1|COSMIC;1/181|ICGC;1/316|IntOGen,probably damaging,DOID:2394 / ovarian cancer,ICGC;COSMIC;IntOGen,-,21720365,-,-,Somatic only,Loss
Q8NG77,OR2T12,Olfactory receptor 2T12,320,N,-,Membrane,17,NHTR,UniProt-Manual_assertion / NetNGlyc_prediction / string_search,-,-,  ++ ,17,N,K,1,-,1|COSMIC,benign,DOID:2394 / ovarian cancer,COSMIC,-,-,-,-,Somatic only,Loss
Q8NG84,OR2AK2,Olfactory receptor 2AK2,335,N,-,Membrane,20,NQSF,UniProt-Manual_assertion / NetNGlyc_prediction / string_search,-,-,   + ,22,S,R,1,-,1/316|IntOGen;1|COSMIC;1/181|ICGC,possibly damaging,DOID:2394 / ovarian cancer,ICGC;COSMIC;IntOGen,-,21720365,-,-,Somatic only,Loss
Q8NGE8,OR4D9,Olfactory receptor 4D9,314,N,-,Membrane,65,NLSI,NetNGlyc_prediction / string_search,-,-,  ++ ,67,S,Y,1,-,1|COSMIC,probably damaging,DOID:2394 / ovarian cancer,COSMIC,-,23856246,-,-,Somatic only,Loss
Q8NGF7,OR5B17,Olfactory receptor 5B17,314,N,-,Membrane,63,NLSL,NetNGlyc_prediction / string_search,-,-,  ++ ,63,N,S,1,-,1|COSMIC;1/316|IntOGen,probably damaging,DOID:2394 / ovarian cancer,COSMIC;IntOGen,-,21720365,-,-,Somatic only,Loss
Q8NGG7,OR8A1,Olfactory receptor 8A1,326,N,-,Membrane,22,NHST,UniProt-Manual_assertion / NetNGlyc_prediction / string_search,-,-,   + ,24,S,A,1,-,1|COSMIC,possibly damaging,DOID:2394 / ovarian cancer,COSMIC,-,-,-,-,Somatic only,Loss
Q8NH40,OR6S1,Olfactory receptor 6S1,331,N,-,Membrane,67,NLSC,NetNGlyc_prediction / string_search,-,-, +++ ,67,N,K,1,-,1|COSMIC;1/316|IntOGen,probably damaging,DOID:2394 / ovarian cancer,COSMIC;IntOGen,-,21720365,-,-,Somatic only,Loss
Q8NI77,KIF18A,Kinesin-like protein KIF18A,898,N,-,Cytoplasm;Nucleus,839,NSSL,string_search,-,-,   - ,839,N,K,1,-,1/316|IntOGen;1|COSMIC,benign,DOID:2394 / ovarian cancer,COSMIC;IntOGen,-,21720365,-,-,Somatic only,Loss
Q8TD90,MAGEE2,Melanoma-associated antigen E2,523,N,-,-,57,NTSQ,NetNGlyc_prediction / string_search,-,-,  ++ ,59,S,F,1,-,1/181|ICGC;1/370|TCGA,benign,DOID:4159 / skin cancer;DOID:2394 / ovarian cancer,ICGC;TCGA,TCGA-FR-A726,-,-,-,Somatic only,Loss
Q8TDY4,ASAP3,"Arf-GAP with SH3 domain, ANK repeat and PH domain-containing protein 3",903,N,-,Cytoplasm,730,NKTY,NetNGlyc_prediction / string_search,-,-,   + ,730,N,K,1,-,1|COSMIC,probably damaging,DOID:2394 / ovarian cancer,COSMIC,-,-,-,-,Somatic only,Loss
Q8WWU5,TCP11,T-complex protein 11 homolog,503,N,-,Membrane,208,NYTI,NetNGlyc_prediction / string_search,-,-,  ++ ,208,N,S,1,-,1|COSMIC,probably damaging,DOID:2394 / ovarian cancer,COSMIC,-,-,-,-,Somatic only,Loss
Q8WXD9,CASKIN1,Caskin-1,1431,N,-,Cytoplasm,188,NGTS,NetNGlyc_prediction / string_search,-,-,  ++ ,188,N,K,1,-,1/316|IntOGen;1|COSMIC,probably damaging,DOID:2394 / ovarian cancer,COSMIC;IntOGen,-,21720365,-,-,Somatic only,Loss
Q8WYK1,CNTNAP5,Contactin-associated protein-like 5,1306,Y,1--24,Membrane,282,NFTV,UniProt-Manual_assertion / NetNGlyc_prediction / string_search,-,-,  ++ ,284,T,K,1,-,1/181|ICGC;1|COSMIC,possibly damaging,DOID:2394 / ovarian cancer,ICGC;COSMIC,-,-,-,-,Somatic only,Loss
Q8WZ42,TTN,Titin,34350,N,-,Cytoplasm;Nucleus,8953,NDSG,string_search,-,-,  -- ,8953,N,S,1,-,1/316|IntOGen;1|COSMIC,benign,DOID:2394 / ovarian cancer,COSMIC;IntOGen,-,21720365,-,-,Germline and somatic,Loss
Q92576,PHF3,PHD finger protein 3,2039,N,-,-,99,NDTI,NetNGlyc_prediction / string_search,-,-,   + ,99,N,S,1,-,1/181|ICGC;1|COSMIC;1|COSMIC;1/316|IntOGen,possibly damaging,DOID:2394 / ovarian cancer;DOID:219 / colon cancer,ICGC;COSMIC;IntOGen,-,21720365,-,-,Germline and somatic,Loss
Q92764,KRT35,"Keratin, type I cuticular Ha5",455,N,-,-,440,NCSP,string_search,-,-, --- ,440,N,T,1,-,1/316|IntOGen;1|COSMIC,benign,DOID:2394 / ovarian cancer,COSMIC;IntOGen,-,21720365,-,-,Somatic only,Loss
Q92887,ABCC2,Canalicular multispecific organic anion transporter 1,1545,N,-,Membrane,1400,NYSD,string_search,ABC transporter 2. ,-,   - ,1400,N,Y,1,-,1|COSMIC,benign,DOID:2394 / ovarian cancer,COSMIC,-,23856246,-,-,Somatic only,Loss
Q92974,ARHGEF2,Rho guanine nucleotide exchange factor 2,986,N,-,Cytoplasm;Membrane,709,NGSI,NetNGlyc_prediction / string_search,-,-,   + ,709,N,S,1,-,1/316|IntOGen;1|COSMIC;1|COSMIC,probably damaging,DOID:10155 / intestinal cancer;DOID:2394 / ovarian cancer,COSMIC;IntOGen,-,23676460;21720365,-,-,Somatic only,Loss
Q96BU1,S100PBP ,S100P-binding protein,408,N,-,Nucleus,203,NNSA,string_search,-,-,   - ,205,S,C,1,-,1|COSMIC,probably damaging,DOID:2394 / ovarian cancer,COSMIC,-,22102435,-,-,Somatic only,Loss
Q96BZ4,PLD4,Phospholipase D4,506,N,-,Membrane,427,NHSK,NetNGlyc_prediction / string_search,PLD phosphodiesterase 2. ,-,   + ,429,S,N,1,-,1|COSMIC,benign,DOID:2394 / ovarian cancer,COSMIC,-,22102435,-,-,Somatic only,Loss
Q96CS7,PLEKHB2,Pleckstrin homology domain-containing family B member 2,222,N,-,Membrane,197,NDSD,string_search,-,-,   - ,197,N,K,1,-,1|COSMIC;1|COSMIC;1/977|TCGA;1/1148|IntOGen;1/1071|ICGC,benign,DOID:1612 / breast cancer;DOID:2394 / ovarian cancer,ICGC;TCGA;COSMIC;IntOGen,TCGA-A2-A04P,-,-,-,Somatic only,Loss
Q96D21,RASD2,GTP-binding protein Rhes,266,N,-,Membrane,125,NKTK,NetNGlyc_prediction / string_search,-,-,   + ,125,N,K,1,-,1|COSMIC,probably damaging,DOID:2394 / ovarian cancer,COSMIC,-,-,-,-,Somatic only,Loss
Q96E66,LRTOMT,Leucine-rich repeat-containing protein 51,192,N,-,Cytoplasm,103,NLSV,NetNGlyc_prediction / string_search,-,-,   + ,105,S,N,1,-,1|COSMIC;1/181|ICGC,possibly damaging,DOID:2394 / ovarian cancer,ICGC;COSMIC,-,-,-,-,Somatic only,Loss
Q96F05,C11orf24,Uncharacterized protein C11orf24,449,Y,1--20,Membrane,222,NTSS,string_search,-,-,   - ,222,N,S,1,-,1/181|ICGC;1|COSMIC,benign,DOID:2394 / ovarian cancer,ICGC;COSMIC,-,-,-,-,Somatic only,Loss
Q96F81,DISP1,Protein dispatched homolog 1,1524,N,-,Membrane,559,NLTA,NetNGlyc_prediction / string_search,SSD. ,-,   + ,559,N,K,1,-,1|COSMIC;2/181|ICGC,probably damaging,DOID:2394 / ovarian cancer,ICGC;COSMIC,-,-,-,-,Somatic only,Loss
Q96FA7,ZBED6CL,ZBED6 C-terminal-like protein,236,N,-,-,203,NETV,NetNGlyc_prediction / string_search,-,-,   + ,205,T,A,1,-,1/181|ICGC;1|COSMIC,probably damaging,DOID:2394 / ovarian cancer,ICGC;COSMIC,-,-,-,-,Somatic only,Loss
Q96HE7,ERO1L,ERO1-like protein alpha,468,Y,1--23,Membrane,280,NITE,UniProt-PubMed:19159218 / NetNGlyc_prediction / string_search,-,-,  ++ ,280,N,H,1,-,1|COSMIC,probably damaging,DOID:2394 / ovarian cancer,COSMIC,-,23856246,-,-,Somatic only,Loss
Q96K49,TMEM87B,Transmembrane protein 87B,555,Y,1--42,Membrane,272,NISN,UniProt-Manual_assertion / NetNGlyc_prediction / string_search,-,-,  ++ ,274,S,R,1,-,1|COSMIC;1/181|ICGC,benign,DOID:2394 / ovarian cancer,ICGC;COSMIC,-,-,-,-,Somatic only,Loss
Q96KG7,MEGF10,Multiple epidermal growth factor-like domains protein 10,1140,Y,1--25,Membrane,678,NGTC,NetNGlyc_prediction / string_search,-,-,   + ,678,N,D,1,-,1|COSMIC,probably damaging,DOID:2394 / ovarian cancer,COSMIC,-,-,-,-,Somatic only,Loss
Q96P66,GPR101,Probable G-protein coupled receptor 101,508,N,-,Membrane,7,NSTR,UniProt-Manual_assertion / NetNGlyc_prediction / string_search,-,-,   + ,9,T,M,1,-,1/181|ICGC;1/316|IntOGen,probably damaging,DOID:2394 / ovarian cancer,ICGC;IntOGen,-,-,-,-,Somatic only,Loss
Q96PX1,RNF157,RING finger protein 157,679,N,-,-,481,NLTL,NetNGlyc_prediction / string_search,-,-,   + ,481,N,T,1,-,1|COSMIC;1/316|IntOGen,probably damaging,DOID:2394 / ovarian cancer,COSMIC;IntOGen,-,21720365,-,-,Germline and somatic,Loss
Q96QT4,TRPM7,Transient receptor potential cation channel subfamily M member 7,1865,N,-,Membrane,404,NASA,NetNGlyc_prediction / string_search,-,-,   + ,406,S,C,1,-,1|COSMIC,probably damaging,DOID:2394 / ovarian cancer,COSMIC,-,-,-,-,Somatic only,Loss
Q96R28,OR2M2,Olfactory receptor 2M2,347,N,-,Membrane,19,NHSP,string_search,-,-, --- ,21,S,N,1,-,1|COSMIC;1/316|IntOGen,benign,DOID:2394 / ovarian cancer,COSMIC;IntOGen,-,21720365,-,-,Somatic only,Loss
Q96RL6,SIGLEC11,Sialic acid-binding Ig-like lectin 11,698,Y,1--27,Membrane,90,NQSR,UniProt-Manual_assertion / string_search,-,-,   - ,90,N,K,1,-,1|COSMIC;1/316|IntOGen,benign,DOID:2394 / ovarian cancer,COSMIC;IntOGen,-,21720365,-,-,Somatic only,Loss
Q99541,PLIN2,Perilipin-2,437,N,-,Membrane,394,NNTP,string_search,-,-, --- ,396,T,K,1,-,1/181|ICGC;1|COSMIC;1/316|IntOGen,probably damaging,DOID:2394 / ovarian cancer,ICGC;COSMIC;IntOGen,-,21720365,-,-,Somatic only,Loss
Q99956,DUSP9,Dual specificity protein phosphatase 9,384,N,-,Cytoplasm,326,NISP,string_search,Tyrosine-protein phosphatase.,-, --- ,326,N,Y,1,-,1/316|IntOGen;1/181|ICGC,probably damaging,DOID:2394 / ovarian cancer,ICGC;IntOGen,-,-,-,-,Somatic only,Loss
Q9BQ15,NABP2,SOSS complex subunit B1,211,N,-,Nucleus,107,NFSE,string_search,-,-,   - ,107,N,K,1,-,2/181|ICGC;1|COSMIC,probably damaging,DOID:2394 / ovarian cancer,ICGC;COSMIC,-,-,-,-,Somatic only,Loss
Q9BQF6,SENP7,Sentrin-specific protease 7,1050,N,-,-,825,NLSM,NetNGlyc_prediction / string_search,-,-,   + ,827,S,L,1,-,1/323|ICGC;1/230|IntOGen;1|COSMIC;1|COSMIC;1/217|TCGA;1/248|TCGA;1|COSMIC;1/370|TCGA;1|COSMIC;1/216|ICGC,probably damaging,DOID:363 / uterine cancer;DOID:2394 / ovarian cancer;DOID:1993 / rectum cancer;DOID:219 / colon cancer;DOID:4159 / skin cancer,ICGC;TCGA;COSMIC;IntOGen,TCGA-AP-A054;TCGA-A6-6140;TCGA-D3-A51J,20826764;22810696,-,-,Germline and somatic,Loss
Q9BY42,RTFDC1,Protein RTF2 homolog,306,N,-,-,173,NGTK,NetNGlyc_prediction / string_search,-,-, +++ ,173,N,S,1,0.0005,1/244|ICGC;2|COSMIC;1|COSMIC;2|COSMIC;1|COSMIC;1/316|IntOGen,probably damaging,DOID:2394 / ovarian cancer;DOID:3571 / liver cancer;DOID:219 / colon cancer,ICGC;COSMIC;IntOGen,-,21720365,-,-,Germline and somatic,Loss
Q9BY76,ANGPTL4,Angiopoietin-related protein 4,406,Y,1--25,Secreted,177,NVSR,UniProt-Manual_assertion / NetNGlyc_prediction / string_search,-,-,   + ,177,N,H,1,-,1/316|IntOGen;1/181|ICGC;1|COSMIC,probably damaging,DOID:2394 / ovarian cancer,ICGC;COSMIC;IntOGen,-,21720365,-,-,Somatic only,Loss
Q9BZF9,UACA,Uveal autoantigen with coiled-coil domains and ankyrin repeats,1416,N,-,Cytoplasm;Nucleus,276,NLTH,NetNGlyc_prediction / string_search,-,-,   + ,278,T,A,1,-,1|COSMIC,benign,DOID:2394 / ovarian cancer,COSMIC,-,-,-,-,Germline and somatic,Loss
Q9C0B6,BRINP2,BMP/retinoic acid-inducible neural-specific protein 2,783,Y,1--33,Secreted,473,NSTR,UniProt-Manual_assertion / NetNGlyc_prediction / string_search,-,-,   + ,475,T,P,1,-,1/181|ICGC;1|COSMIC,probably damaging,DOID:2394 / ovarian cancer,ICGC;COSMIC,-,-,-,-,Somatic only,Loss
Q9H0M0,WWP1,NEDD4-like E3 ubiquitin-protein ligase WWP1,922,N,-,Cytoplasm;Membrane;Nucleus,13,NHSG,string_search,-,-,   - ,13,N,S,1,-,2/181|ICGC;1|COSMIC,benign,DOID:2394 / ovarian cancer,ICGC;COSMIC,-,-,-,-,Somatic only,Loss
Q9H159,CDH19,Cadherin-19,772,Y,1--21,Membrane,508,NLSV,UniProt-Manual_assertion / NetNGlyc_prediction / string_search,Cadherin 5. ,-,  ++ ,508,N,I,1,-,1|COSMIC;1/316|IntOGen;1/181|ICGC,benign,DOID:2394 / ovarian cancer,ICGC;COSMIC;IntOGen,-,21720365,-,-,Somatic only,Loss
Q9H1E1,RNASE7,Ribonuclease 7,156,Y,1--28,Secreted,127,NKSY,UniProt-Manual_assertion / NetNGlyc_prediction / string_search,-,-,  ++ ,127,N,H,1,-,1|COSMIC;1/316|IntOGen,benign,DOID:2394 / ovarian cancer,COSMIC;IntOGen,-,21720365,-,-,Somatic only,Loss
Q9H4A3,WNK1,Serine/threonine-protein kinase WNK1,2382,N,-,Cytoplasm,2045,NLSQ,string_search,-,-,   - ,2045,N,T,1,-,1|COSMIC,benign,DOID:2394 / ovarian cancer,COSMIC,-,-,-,-,Somatic only,Loss
Q9NQ90,ANO2,Anoctamin-2,1003,N,-,Membrane,856,NVSQ,UniProt-Manual_assertion / string_search,-,-,   - ,856,N,S,1,-,1|COSMIC;1/316|IntOGen,probably damaging,DOID:2394 / ovarian cancer,COSMIC;IntOGen,-,21720365,-,-,Germline and somatic,Loss
Q9NR16,CD163L1,Scavenger receptor cysteine-rich type 1 protein M160,1453,Y,1--40,Membrane;Secreted,161,NNSC,UniProt-Manual_assertion / NetNGlyc_prediction / string_search,-,-,   + ,161,N,S,1,-,1/316|IntOGen;1|COSMIC,benign,DOID:2394 / ovarian cancer,COSMIC;IntOGen,-,21720365,-,-,Somatic only,Loss
Q9NSC2,SALL1,Sal-like protein 1,1324,N,-,Nucleus,64,NCTK,NetNGlyc_prediction / string_search,-,-,  ++ ,66,T,P,1,-,1|COSMIC;1/316|IntOGen,probably damaging,DOID:2394 / ovarian cancer,COSMIC;IntOGen,-,21720365,-,-,Somatic only,Loss
Q9NUN5,LMBRD1,Probable lysosomal cobalamin transporter,540,N,-,Membrane,78,NGTF,UniProt-Manual_assertion / NetNGlyc_prediction / string_search,-,-,  ++ ,80,T,I,1,-,1|COSMIC;1/316|IntOGen,probably damaging,DOID:2394 / ovarian cancer,COSMIC;IntOGen,-,21720365,-,-,Somatic only,Loss
Q9NV64,TMEM39A,Transmembrane protein 39A,488,N,-,Membrane,31,NGTG,UniProt-Manual_assertion / NetNGlyc_prediction / string_search,-,-, +++ ,31,N,Y,1,-,1/181|ICGC;1/316|IntOGen;1|COSMIC,probably damaging,DOID:2394 / ovarian cancer,ICGC;COSMIC;IntOGen,-,21720365,-,-,Somatic only,Loss
Q9NVF7,FBXO28,F-box only protein 28,368,N,-,-,133,NHSL,string_search,-,-,   - ,133,N,Y,1,-,1|COSMIC;1/316|IntOGen,probably damaging,DOID:2394 / ovarian cancer,COSMIC;IntOGen,-,21720365,-,-,Somatic only,Loss
Q9NVM9,ASUN,Protein asunder homolog,706,N,-,Cytoplasm,36,NRTQ,NetNGlyc_prediction / string_search,-,-,   + ,36,N,D,1,-,1|COSMIC;1/181|ICGC;1|COSMIC;1/316|IntOGen,benign,DOID:2394 / ovarian cancer;DOID:219 / colon cancer,ICGC;COSMIC;IntOGen,-,21720365,-,-,Somatic only,Loss
Q9NXF7,DCAF16,DDB1- and CUL4-associated factor 16,216,N,-,-,196,NTTY,NetNGlyc_prediction / string_search,-,-,   + ,198,T,A,1,-,1/316|IntOGen;1|COSMIC;1/181|ICGC,probably damaging,DOID:2394 / ovarian cancer,ICGC;COSMIC;IntOGen,-,21720365,-,-,Somatic only,Loss
Q9NY74,ETAA1,Ewing's tumor-associated antigen 1,926,N,-,Cytoplasm,670,NNSE,string_search,-,-,   - ,672,S,C,1,-,1|COSMIC;1/181|ICGC,probably damaging,DOID:2394 / ovarian cancer,ICGC;COSMIC,-,-,-,-,Germline and somatic,Loss
Q9NYV4,CDK12,Cyclin-dependent kinase 12,1490,N,-,Nucleus,464,NVTH,NetNGlyc_prediction / string_search,-,-,  ++ ,464,N,S,1,-,1|COSMIC;1/181|ICGC,benign,DOID:2394 / ovarian cancer,ICGC;COSMIC,-,-,-,-,Somatic only,Loss
Q9NZR2,LRP1B,Low-density lipoprotein receptor-related protein 1B,4599,Y,1--20,Membrane,2105,NGSV,NetNGlyc_prediction / UniProt-Manual_assertion / string_search,-,-,   + ,2107,S,F,1,-,1/370|TCGA;1/323|ICGC;1|COSMIC,probably damaging,DOID:4159 / skin cancer;DOID:2394 / ovarian cancer,ICGC;TCGA;COSMIC,TCGA-EE-A181,20826764,-,-,Somatic only,Loss
Q9NZT1,CALML5,Calmodulin-like protein 5,146,N,-,-,25,NGTI,NetNGlyc_prediction / string_search,-,-,  ++ ,25,N,S,1,-,1/316|IntOGen;1|COSMIC,benign,DOID:2394 / ovarian cancer,COSMIC;IntOGen,-,21720365,-,-,Somatic only,Loss
Q9P109,GCNT4,"Beta-1,3-galactosyl-O-glycosyl-glycoprotein beta-1,6-N-acetylglucosaminyltransferase 4",453,N,-,Membrane,286,NISK,UniProt-Manual_assertion / NetNGlyc_prediction / string_search,-,-, +++ ,288,S,C,1,-,1|COSMIC;1/316|IntOGen;1/181|ICGC,probably damaging,DOID:2394 / ovarian cancer,ICGC;COSMIC;IntOGen,-,21720365,-,-,Somatic only,Loss
Q9P1Z3,HCN3,Potassium/sodium hyperpolarization-activated cyclic nucleotide-gated channel 3,774,N,-,Membrane,291,NHSW,UniProt-Manual_assertion / string_search,-,-,  -- ,293,S,L,1,-,2|COSMIC;1/181|ICGC;1|COSMIC;1/316|IntOGen,probably damaging,DOID:2394 / ovarian cancer;DOID:219 / colon cancer,ICGC;COSMIC;IntOGen,-,21720365;22895193,-,-,Germline and somatic,Loss
Q9P212,PLCE1,"1-phosphatidylinositol 4,5-bisphosphate phosphodiesterase epsilon-1",2302,N,-,Cytoplasm;Membrane,912,NNTA,NetNGlyc_prediction / string_search,-,-,   + ,912,N,S,1,-,1|COSMIC;1/316|IntOGen;1|COSMIC,benign,DOID:2394 / ovarian cancer;DOID:219 / colon cancer,COSMIC;IntOGen,-,21720365,-,-,Somatic only,Loss
Q9P260,KIAA1468,LisH domain and HEAT repeat-containing protein KIAA1468,1216,N,-,-,848,NVTS,NetNGlyc_prediction / string_search,-,-,   + ,848,N,S,1,-,1|COSMIC;1/181|ICGC,benign,DOID:2394 / ovarian cancer,ICGC;COSMIC,-,-,-,-,Somatic only,Loss
Q9P2C4,TMEM181,Transmembrane protein 181,612,N,-,Membrane,189,NNSK,NetNGlyc_prediction / string_search,-,-,   + ,191,S,I,1,-,1/181|ICGC;1/316|IntOGen;1|COSMIC,probably damaging,DOID:2394 / ovarian cancer,ICGC;COSMIC;IntOGen,-,21720365,-,-,Somatic only,Loss
Q9P2F8,SIPA1L2,Signal-induced proliferation-associated 1-like protein 2,1722,N,-,-,627,NETA,NetNGlyc_prediction / string_search,-,-,   + ,627,N,S,1,-,1|COSMIC,probably damaging,DOID:2394 / ovarian cancer,COSMIC,-,-,-,-,Somatic only,Loss
Q9P2J2,IGSF9,Protein turtle homolog A,1179,Y,1--20,Membrane,256,NLTY,UniProt-Manual_assertion / NetNGlyc_prediction / string_search,-,-,  ++ ,258,T,I,1,-,1|COSMIC,probably damaging,DOID:2394 / ovarian cancer,COSMIC,-,-,-,-,Somatic only,Loss
Q9P2K3,RCOR3,REST corepressor 3,495,N,-,Nucleus,318,NKTV,NetNGlyc_prediction / string_search,SANT 2. ,-,   + ,318,N,S,1,-,1|COSMIC;1/316|IntOGen;1|COSMIC;1|COSMIC;1|COSMIC,probably damaging,DOID:2394 / ovarian cancer;DOID:1993 / rectum cancer;DOID:219 / colon cancer;DOID:5672 / large intestine cancer,COSMIC;IntOGen,-,21720365,-,-,Somatic only,Loss
Q9UH73,EBF1,Transcription factor COE1,591,N,-,Nucleus,461,NSSS,string_search,-,-,   - ,463,S,N,1,-,1|COSMIC;1/181|ICGC,benign,DOID:2394 / ovarian cancer,ICGC;COSMIC,-,-,-,-,Germline and somatic,Loss
Q9UHC9,NPC1L1,Niemann-Pick C1-like protein 1,1359,Y,1--21,Membrane,1335,NHSF,string_search,-,-,   - ,1337,S,R,1,-,1/316|IntOGen;1|COSMIC,possibly damaging,DOID:2394 / ovarian cancer,COSMIC;IntOGen,-,21720365,-,-,Somatic only,Loss
Q9UHC9,NPC1L1,Niemann-Pick C1-like protein 1,1359,Y,1--21,Membrane,497,NRTL,UniProt-Manual_assertion / NetNGlyc_prediction / string_search,-,-,  ++ ,497,N,S,1,-,1|COSMIC,benign,DOID:2394 / ovarian cancer,COSMIC,-,-,-,-,Somatic only,Loss
Q9UHN6,TMEM2,Transmembrane protein 2,1383,N,-,Membrane,292,NESR,UniProt-Manual_assertion / NetNGlyc_prediction / string_search,-,-,   + ,294,S,R,1,-,1|COSMIC,probably damaging,DOID:2394 / ovarian cancer,COSMIC,-,22996961,-,-,Somatic only,Loss
Q9UKP4,ADAMTS7,A disintegrin and metalloproteinase with thrombospondin motifs 7,1686,Y,1--27,Secreted,1470,NWSK,string_search,-,-,   - ,1472,S,R,1,-,1/181|ICGC;1|COSMIC,probably damaging,DOID:2394 / ovarian cancer,ICGC;COSMIC,-,-,-,-,Somatic only,Loss
Q9ULG1,INO80,DNA helicase INO80,1556,N,-,Nucleus,151,NLSR,NetNGlyc_prediction / string_search,-,-,  ++ ,151,N,S,1,0.01,1|COSMIC;1|COSMIC,benign,DOID:2394 / ovarian cancer;DOID:5672 / large intestine cancer,COSMIC,-,21720365,-,-,Germline and somatic,Loss
Q9ULJ7,ANKRD50,Ankyrin repeat domain-containing protein 50,1429,N,-,-,478,NGTP,string_search,-,-,  -- ,480,T,A,1,-,1|COSMIC;1/181|ICGC,benign,DOID:2394 / ovarian cancer,ICGC;COSMIC,-,-,-,-,Somatic only,Loss
Q9ULX7,CA14,Carbonic anhydrase 14,337,Y,1--15,Membrane,213,NGSL,UniProt-PubMed:24374484 / NetNGlyc_prediction / string_search,-,-, +++ ,215,S,L,1,-,1|COSMIC;1/316|IntOGen,probably damaging,DOID:2394 / ovarian cancer,COSMIC;IntOGen,-,21720365,-,-,Germline and somatic,Loss
Q9UMS6,SYNPO2,Synaptopodin-2,1093,N,-,Cytoplasm;Nucleus,973,NASL,string_search,-,-,   - ,973,N,S,1,-,1|COSMIC;1/181|ICGC,probably damaging,DOID:2394 / ovarian cancer,ICGC;COSMIC,-,-,-,-,Germline and somatic,Loss
Q9UN67,PCDHB10,Protocadherin beta-10,800,Y,1--26,Membrane,463,NNSP,string_search,-,-, --- ,463,N,K,1,-,1|COSMIC;1/316|IntOGen,probably damaging,DOID:2394 / ovarian cancer,COSMIC;IntOGen,-,21720365,-,-,Somatic only,Loss
Q9UPT6,MAPK8IP3,C-Jun-amino-terminal kinase-interacting protein 3,1336,N,-,Cytoplasm,327,NVSI,NetNGlyc_prediction / string_search,-,-,   + ,329,S,I,1,-,2/181|ICGC;1|COSMIC,probably damaging,DOID:2394 / ovarian cancer,ICGC;COSMIC,-,-,-,-,Somatic only,Loss
Q9UQB3,CTNND2,Catenin delta-2,1225,N,-,Nucleus,175,NQTL,NetNGlyc_prediction / string_search,-,-,   + ,176,Q,P,1,-,1/181|ICGC;1|COSMIC,probably damaging,DOID:2394 / ovarian cancer,ICGC;COSMIC,-,-,-,-,Somatic only,Loss
Q9Y252,RNF6,E3 ubiquitin-protein ligase RNF6,685,N,-,Cytoplasm;Nucleus,122,NATR,NetNGlyc_prediction / string_search,-,-,  ++ ,124,T,A,1,-,1|COSMIC;1/316|IntOGen,possibly damaging,DOID:2394 / ovarian cancer,COSMIC;IntOGen,-,21720365,-,-,Germline and somatic,Loss
Q9Y261,FOXA2,Hepatocyte nuclear factor 3-beta,457,N,-,Cytoplasm;Nucleus,429,NKTG,string_search,-,-,   - ,431,T,K,1,-,1|COSMIC;1/181|ICGC,benign,DOID:2394 / ovarian cancer,ICGC;COSMIC,-,-,-,-,Somatic only,Loss
Q9Y2I7,PIKFYVE,1-phosphatidylinositol 3-phosphate 5-kinase,2098,N,-,Membrane,310,NLSL,NetNGlyc_prediction / string_search,-,-,  ++ ,310,N,T,1,-,1|COSMIC,benign,DOID:2394 / ovarian cancer,COSMIC,-,-,-,-,Germline and somatic,Loss
Q9Y2X9,ZNF281,Zinc finger protein 281,895,N,-,Nucleus,384,NHTN,NetNGlyc_prediction / string_search,-,-,   + ,384,N,S,1,-,1/316|IntOGen;1|COSMIC,benign,DOID:2394 / ovarian cancer,COSMIC;IntOGen,-,21720365,-,-,Somatic only,Loss
Q9Y345,SLC6A5,Sodium- and chloride-dependent glycine transporter 2,797,N,-,Membrane,358,NFTS,UniProt-Manual_assertion / NetNGlyc_prediction / string_search,-,-,  ++ ,358,N,S,1,-,1|COSMIC,benign,DOID:2394 / ovarian cancer,COSMIC,-,-,-,-,Somatic only,Loss
Q9Y5H3,PCDHGA10,Protocadherin gamma-A10,936,Y,1--32,Membrane,6,NRSK,NetNGlyc_prediction / string_search,-,-,   + ,6,N,H,1,-,1|COSMIC;1/181|ICGC,possibly damaging,DOID:2394 / ovarian cancer,ICGC;COSMIC,-,-,-,-,Somatic only,Loss
Q9Y5H4,PCDHGA1,Protocadherin gamma-A1,931,Y,1--28,Membrane,685,NDSD,UniProt-Manual_assertion / string_search,-,-,   - ,687,S,L,1,-,2/181|ICGC;1|COSMIC,possibly damaging,DOID:2394 / ovarian cancer,ICGC;COSMIC,-,-,-,-,Somatic only,Loss
Q9Y5Q5,CORIN,Atrial natriuretic peptide-converting enzyme,1042,N,-,Membrane;Secreted,231,NYSW,UniProt-Manual_assertion / NetNGlyc_prediction / string_search,-,-, +++ ,233,S,Y,1,-,1|COSMIC;1/181|ICGC,probably damaging,DOID:2394 / ovarian cancer,ICGC;COSMIC,-,-,-,-,Somatic only,Loss
