UniProtKB Acc (canonical),PDB ID,Glycosylation type,Amino Acid,Chain,PDB Position,UniProt Position
P15848-1,1FSU,N-Linked,N,A,279,279
P15848-1,1FSU,N-Linked,N,A,301,301
P15848-1,1FSU,N-Linked,N,A,426,426
P36222-1,1HJX,N-Linked,N,A,60,60
P36222-1,1HJX,N-Linked,N,B,60,60
P36222-1,1HJX,N-Linked,N,C,60,60
P36222-1,1HJX,N-Linked,N,D,60,60
Q9BZR6-1,1OZN,N-Linked,N,A,82,82
Q9BZR6-1,1OZN,N-Linked,N,A,179,179
P08842-1,1P49,N-Linked,N,A,47,47
P08842-1,1P49,N-Linked,N,A,259,259
Q9BZ11-1,1R55,N-Linked,N,A,276,276
Q9BZ11-1,1R55,N-Linked,N,A,407,407
Q8NBJ7-1,1Y4J,N-Linked,N,A,191,191
Q8NBJ7-1,1Y4J,N-Linked,N,B,191,191
Q12884-1,1Z68,N-Linked,N,A,49,49
Q12884-1,1Z68,N-Linked,N,B,49,49
Q12884-1,1Z68,N-Linked,N,A,92,92
Q12884-1,1Z68,N-Linked,N,B,92,92
Q12884-1,1Z68,N-Linked,N,B,227,227
Q12884-1,1Z68,N-Linked,N,B,314,314
Q7Z6A9-1,2AW2,N-Linked,N,B,72,72
Q7Z6A9-1,2AW2,N-Linked,N,Y,72,72
O76096-1,2CH9,N-Linked,N,A,62,62
O76096-1,2CH9,N-Linked,N,A,115,115
Q86SR1-1,2D7R,N-Linked,N,A,124,124
Q86SR1-1,2D7R,N-Linked,N,A,146,146
Q86SR1-1,2D7R,N-Linked,N,A,593,593
P10721-1,2E9W,N-Linked,N,A,283,283
P10721-1,2E9W,N-Linked,N,B,293,293
P10721-1,2E9W,N-Linked,N,A,300,300
P10721-1,2E9W,N-Linked,N,B,300,300
P10721-1,2E9W,N-Linked,N,A,352,352
P10721-1,2E9W,N-Linked,N,B,352,352
Q5T4W7-1,2GH0,N-Linked,N,A,309,309
Q5T4W7-1,2GH0,N-Linked,N,B,309,309
P06865-1,2GK1,N-Linked,N,I,115,115
P06865-1,2GK1,N-Linked,N,J,115,115
P06865-1,2GK1,N-Linked,N,L,115,115
P06865-1,2GK1,N-Linked,N,K,157,157
P06865-1,2GK1,N-Linked,N,L,157,157
P06865-1,2GK1,N-Linked,N,J,157,157
P06865-1,2GK1,N-Linked,N,I,157,157
P06865-1,2GK1,N-Linked,N,O,190,190
P06865-1,2GK1,N-Linked,N,Q,190,190
P06865-1,2GK1,N-Linked,N,S,190,190
O15123-1,2GY7,N-Linked,N,B,140,140
O15123-1,2GY7,N-Linked,N,B,158,158
O15123-1,2GY7,N-Linked,N,B,399,399
O15123-1,2GY7,N-Linked,N,B,438,438
P23510-1,2HEV,N-Linked,N,F,152,152
P23510-1,2HEV,N-Linked,N,R,160,160
Q8NBK3-1,2HI8,N-Linked,N,X,141,141
Q8NBK3-1,2HIB,N-Linked,N,X,141,141
Q9Y286-1,2HRL,N-Linked,N,A,105,105
P04629-1,2IFG,N-Linked,N,A,95,95
P04629-1,2IFG,N-Linked,N,B,95,95
P04629-1,2IFG,N-Linked,N,A,121,121
P04629-1,2IFG,N-Linked,N,B,121,121
P04629-1,2IFG,N-Linked,N,A,188,188
P04629-1,2IFG,N-Linked,N,B,188,188
P04629-1,2IFG,N-Linked,N,A,262,262
P04629-1,2IFG,N-Linked,N,B,262,262
P04629-1,2IFG,N-Linked,N,A,281,281
P04629-1,2IFG,N-Linked,N,B,281,281
P04629-1,2IFG,N-Linked,N,A,358,358
P04629-1,2IFG,N-Linked,N,B,358,358
Q9H227-1,2JFE,N-Linked,N,X,46,46
P54317-1,2OXE,N-Linked,N,A,353,353
P54317-1,2OXE,N-Linked,N,B,353,353
Q12794-1,2PE4,N-Linked,N,A,99,99
Q12794-1,2PE4,N-Linked,N,A,350,350
O60462-1,2QQK,N-Linked,N,A,152,152
O60462-1,2QQK,N-Linked,N,A,157,157
O14786-1,2QQM,N-Linked,N,A,150,150
O14786-1,2QQM,N-Linked,N,A,261,261
P35442-1,2RHP,N-Linked,N,A,612,612
P35442-1,2RHP,N-Linked,N,A,710,710
P35442-1,2RHP,N-Linked,N,A,725,725
P35442-1,2RHP,N-Linked,N,A,746,746
P35442-1,2RHP,N-Linked,N,A,761,761
P35442-1,2RHP,N-Linked,N,A,784,784
P35442-1,2RHP,N-Linked,N,A,793,793
P35442-1,2RHP,N-Linked,N,A,820,820
P35442-1,2RHP,N-Linked,N,A,843,843
P35442-1,2RHP,N-Linked,N,A,861,861
P35442-1,2RHP,N-Linked,N,A,881,881
P35442-1,2RHP,N-Linked,N,A,902,902
P35442-1,2RHP,N-Linked,N,A,917,917
P35442-1,2RHP,N-Linked,N,A,951,951
P35442-1,2RHP,N-Linked,N,A,993,993
Q9UNA0-1,2RJQ,N-Linked,N,A,498,498
P42262-1,2WJW,N-Linked,N,A,370,370
P54764-1,2WO3,N-Linked,N,B,42,42
Q8N0W4-1,2XB6,N-Linked,N,A,102,102
Q8N0W4-1,2XB6,N-Linked,N,B,102,102
Q8N0W4-1,2XB6,N-Linked,N,A,511,511
Q8N0W4-1,2XB6,N-Linked,N,B,511,511
Q10589-1,2XG7,N-Linked,N,A,92,92
Q10589-1,2XG7,N-Linked,N,C,92,92
O43915-1,2XV7,N-Linked,N,A,155,155
O43915-1,2XV7,N-Linked,N,A,185,185
O15394-1,2XYC,N-Linked,N,A,309,309
O15394-1,2XYC,N-Linked,N,A,419,419
O15394-1,2XYC,N-Linked,N,A,474,474
Q9NZ08-1,2YD0,N-Linked,N,A,70,70
Q9NZ08-1,2YD0,N-Linked,N,A,154,154
Q9NZ08-1,2YD0,N-Linked,N,A,414,414
Q9Y5W5-1,2YGQ,N-Linked,N,A,88,88
Q9Y5W5-1,2YGQ,N-Linked,N,A,245,245
O60603-1,2Z7X,N-Linked,N,B,51,51
O60603-1,2Z7X,N-Linked,N,B,163,163
O60603-1,2Z7X,N-Linked,N,A,199,199
O60603-1,2Z7X,N-Linked,N,B,330,330
O60603-1,2Z7X,N-Linked,N,A,414,414
O60603-1,2Z7X,N-Linked,N,B,429,429
O60603-1,2Z7X,N-Linked,N,A,442,442
O60603-1,2Z80,N-Linked,N,A,114,114
Q99467-1,3B2D,N-Linked,N,B,394,394
Q99467-1,3B2D,N-Linked,N,B,402,402
Q99467-1,3B2D,N-Linked,N,A,402,402
Q99467-1,3B2D,N-Linked,N,B,451,451
Q99467-1,3B2D,N-Linked,N,A,451,451
Q9GZX6-1,3DGC,N-Linked,N,R,172,172
O14773-1,3EE6,N-Linked,N,A,210,210
O14773-1,3EE6,N-Linked,N,B,210,210
O14773-1,3EE6,N-Linked,N,A,286,286
O14773-1,3EE6,N-Linked,N,B,286,286
O14773-1,3EE6,N-Linked,N,A,313,313
O14773-1,3EE6,N-Linked,N,B,313,313
O14773-1,3EE6,N-Linked,N,A,443,443
O14773-1,3EE6,N-Linked,N,B,443,443
P30101-1,3F8U,N-Linked,N,B,233,233
P30101-1,3F8U,N-Linked,N,D,233,233
P49747-1,3FBY,N-Linked,N,A,297,297
P49747-1,3FBY,N-Linked,N,B,297,297
P49747-1,3FBY,N-Linked,N,C,297,297
P49747-1,3FBY,N-Linked,N,A,333,333
P49747-1,3FBY,N-Linked,N,B,333,333
P49747-1,3FBY,N-Linked,N,C,333,333
P49747-1,3FBY,N-Linked,N,A,338,338
P49747-1,3FBY,N-Linked,N,B,338,338
P49747-1,3FBY,N-Linked,N,C,338,338
P49747-1,3FBY,N-Linked,N,A,356,356
P49747-1,3FBY,N-Linked,N,B,356,356
P49747-1,3FBY,N-Linked,N,C,356,356
P49747-1,3FBY,N-Linked,N,A,392,392
P49747-1,3FBY,N-Linked,N,B,392,392
P49747-1,3FBY,N-Linked,N,C,392,392
P49747-1,3FBY,N-Linked,N,A,415,415
P49747-1,3FBY,N-Linked,N,B,415,415
P49747-1,3FBY,N-Linked,N,C,415,415
P49747-1,3FBY,N-Linked,N,A,453,453
P49747-1,3FBY,N-Linked,N,B,453,453
P49747-1,3FBY,N-Linked,N,C,453,453
P49747-1,3FBY,N-Linked,N,A,474,474
P49747-1,3FBY,N-Linked,N,B,474,474
P49747-1,3FBY,N-Linked,N,C,474,474
P49747-1,3FBY,N-Linked,N,A,489,489
P49747-1,3FBY,N-Linked,N,B,489,489
P49747-1,3FBY,N-Linked,N,A,523,523
P49747-1,3FBY,N-Linked,N,B,523,523
P49747-1,3FBY,N-Linked,N,C,523,523
P49747-1,3FBY,N-Linked,N,A,565,565
P49747-1,3FBY,N-Linked,N,B,565,565
P49747-1,3FBY,N-Linked,N,C,565,565
P49747-1,3FBY,N-Linked,N,A,742,742
P49747-1,3FBY,N-Linked,N,B,742,742
P49747-1,3FBY,N-Linked,N,C,742,742
Q9Y3Q0-1,3FF3,N-Linked,N,A,111,111
Q9Y3Q0-1,3FF3,N-Linked,N,A,185,185
Q9Y3Q0-1,3FF3,N-Linked,N,A,449,449
Q9Y3Q0-1,3FF3,N-Linked,N,A,628,628
Q9P0K1-1,3G5C,N-Linked,N,A,436,436
Q9P0K1-1,3G5C,N-Linked,N,B,436,436
Q9P0K1-1,3G5C,N-Linked,N,A,449,449
Q9P0K1-1,3G5C,N-Linked,N,B,449,449
Q9P0K1-1,3G5C,N-Linked,N,A,519,519
Q9P0K1-1,3G5C,N-Linked,N,B,519,519
Q9P0K1-1,3G5C,N-Linked,N,A,526,526
Q9P0K1-1,3G5C,N-Linked,N,B,526,526
Q9P0K1-1,3G5C,N-Linked,N,A,634,634
Q9P0K1-1,3G5C,N-Linked,N,B,634,634
Q9P0K1-1,3G5C,N-Linked,N,A,675,675
Q9P0K1-1,3G5C,N-Linked,N,B,675,675
P02751-1,3GXE,N-Linked,N,B,542,542
P02751-1,3GXE,N-Linked,N,A,542,542
P08236-1,3HN3,N-Linked,N,A,173,173
P08236-1,3HN3,N-Linked,N,B,173,173
P08236-1,3HN3,N-Linked,N,D,173,173
P08236-1,3HN3,N-Linked,N,E,173,173
P08236-1,3HN3,N-Linked,N,B,272,272
P08236-1,3HN3,N-Linked,N,D,272,272
P08236-1,3HN3,N-Linked,N,E,272,272
P08236-1,3HN3,N-Linked,N,A,272,272
Q8TEB7-1,3ICU,N-Linked,N,A,101,101
O60602-1,3J0A,N-Linked,N,A,37,37
O60602-1,3J0A,N-Linked,N,B,37,37
O60602-1,3J0A,N-Linked,N,B,46,46
O60602-1,3J0A,N-Linked,N,A,46,46
O60602-1,3J0A,N-Linked,N,B,245,245
O60602-1,3J0A,N-Linked,N,A,245,245
O60602-1,3J0A,N-Linked,N,A,342,342
O60602-1,3J0A,N-Linked,N,B,342,342
O60602-1,3J0A,N-Linked,N,B,422,422
O60602-1,3J0A,N-Linked,N,A,422,422
O60602-1,3J0A,N-Linked,N,A,595,595
O60602-1,3J0A,N-Linked,N,B,595,595
O60602-1,3J0A,N-Linked,N,B,598,598
O60602-1,3J0A,N-Linked,N,A,598,598
Q9BYF1-1,3KBH,N-Linked,N,A,90,90
Q9BYF1-1,3KBH,N-Linked,N,D,90,90
Q9BYF1-1,3KBH,N-Linked,N,C,90,90
Q9BYF1-1,3KBH,N-Linked,N,B,90,90
Q9BYF1-1,3KBH,N-Linked,N,E,486,486
Q9BYF1-1,3KBH,N-Linked,N,H,486,486
Q9BYF1-1,3KBH,N-Linked,N,G,486,486
Q9BYF1-1,3KBH,N-Linked,N,F,486,486
Q9BYF1-1,3KBH,N-Linked,N,E,512,512
Q9BYF1-1,3KBH,N-Linked,N,H,512,512
Q9BYF1-1,3KBH,N-Linked,N,F,512,512
Q9BYF1-1,3KBH,N-Linked,N,G,512,512
Q9BYF1-1,3KBH,N-Linked,N,D,546,546
Q9BYF1-1,3KBH,N-Linked,N,A,546,546
Q9BYF1-1,3KBH,N-Linked,N,B,546,546
Q9BYF1-1,3KBH,N-Linked,N,C,546,546
P27352-1,3KQ4,N-Linked,N,E,311,311
P27352-1,3KQ4,N-Linked,N,C,311,311
P27352-1,3KQ4,N-Linked,N,A,311,311
P27352-1,3KQ4,N-Linked,N,C,413,413
P27352-1,3KQ4,N-Linked,N,E,413,413
P27352-1,3KQ4,N-Linked,N,A,413,413
P27352-1,3KQ4,N-Linked,N,F,984,984
P27352-1,3KQ4,N-Linked,N,B,984,984
P27352-1,3KQ4,N-Linked,N,D,984,984
Q13255-1,3KS9,N-Linked,N,A,223,223
Q13255-1,3KS9,N-Linked,N,A,397,397
P41594-1,3LMK,N-Linked,N,A,445,445
P41594-1,3LMK,N-Linked,N,B,445,445
P29317-1,3MBW,N-Linked,N,B,26,26
P19801-1,3MPH,N-Linked,N,A,110,110
P19801-1,3MPH,N-Linked,N,B,110,110
P19801-1,3MPH,N-Linked,N,A,460,460
P19801-1,3MPH,N-Linked,N,B,460,460
P19801-1,3MPH,N-Linked,N,B,538,538
P19801-1,3MPH,N-Linked,N,A,538,538
P19801-1,3MPH,N-Linked,N,B,656,656
P19801-1,3MPH,N-Linked,N,A,656,656
P19801-1,3MPH,N-Linked,N,A,745,745
P19801-1,3MPH,N-Linked,N,B,745,745
P29317-1,3MX0,N-Linked,N,B,37,37
P29317-1,3MX0,N-Linked,N,D,37,37
P29317-1,3MX0,N-Linked,N,C,407,407
P29317-1,3MX0,N-Linked,N,A,407,407
P42785-1,3N2Z,N-Linked,N,B,101,101
P42785-1,3N2Z,N-Linked,N,B,317,317
P42785-1,3N2Z,N-Linked,N,B,336,336
P42785-1,3N2Z,N-Linked,N,B,345,345
P42785-1,3N2Z,N-Linked,N,B,415,415
O75326-1,3NVQ,N-Linked,N,B,86,86
O75326-1,3NVQ,N-Linked,N,F,86,86
O75326-1,3NVQ,N-Linked,N,E,105,105
O75326-1,3NVQ,N-Linked,N,A,105,105
O75326-1,3NVQ,N-Linked,N,F,141,141
O75326-1,3NVQ,N-Linked,N,B,141,141
O75326-1,3NVQ,N-Linked,N,B,149,149
O75326-1,3NVQ,N-Linked,N,F,149,149
O75326-1,3NVQ,N-Linked,N,A,157,157
O75326-1,3NVQ,N-Linked,N,E,157,157
O75326-1,3NVQ,N-Linked,N,F,241,241
O75326-1,3NVQ,N-Linked,N,B,241,241
O75326-1,3NVQ,N-Linked,N,B,252,252
O75326-1,3NVQ,N-Linked,N,F,252,252
O75326-1,3NVQ,N-Linked,N,A,258,258
O75326-1,3NVQ,N-Linked,N,E,258,258
O75326-1,3NVQ,N-Linked,N,E,330,330
O75326-1,3NVQ,N-Linked,N,B,386,386
O75326-1,3NVQ,N-Linked,N,F,386,386
O75326-1,3NVQ,N-Linked,N,B,407,407
O75326-1,3NVQ,N-Linked,N,F,407,407
Q92854-1,3OL2,N-Linked,N,A,49,49
Q92854-1,3OL2,N-Linked,N,A,77,77
Q92854-1,3OL2,N-Linked,N,A,139,139
Q92854-1,3OL2,N-Linked,N,A,191,191
Q92854-1,3OL2,N-Linked,N,A,329,329
Q92854-1,3OL2,N-Linked,N,B,334,334
Q92854-1,3OL2,N-Linked,N,A,419,419
O94856-1,3P40,N-Linked,N,A,409,409
Q68D85-1,3PV6,N-Linked,N,A,43,43
Q68D85-1,3PV6,N-Linked,N,A,57,57
Q68D85-1,3PV6,N-Linked,N,A,208,208
Q9HCB6-1,3Q13,N-Linked,N,A,214,214
P29965-1,3QD6,N-Linked,N,A,240,240
P29965-1,3QD6,N-Linked,N,E,240,240
P29965-1,3QD6,N-Linked,N,C,240,240
P29965-1,3QD6,N-Linked,N,B,240,240
P29965-1,3QD6,N-Linked,N,F,240,240
P29965-1,3QD6,N-Linked,N,D,240,240
Q9UHC9-1,3QNT,N-Linked,N,A,54,54
Q9UHC9-1,3QNT,N-Linked,N,A,138,138
P05121-1,3R4L,N-Linked,N,A,232,232
P05121-1,3R4L,N-Linked,N,A,288,288
P35968-1,3S35,N-Linked,N,X,245,245
P35968-1,3S35,N-Linked,N,X,318,318
P23471-1,3S97,N-Linked,N,D,208,208
P23471-1,3S97,N-Linked,N,C,208,208
P23471-1,3S97,N-Linked,N,C,258,258
P23471-1,3S97,N-Linked,N,D,258,258
P02786-1,3S9N,N-Linked,N,B,317,317
P02786-1,3S9N,N-Linked,N,A,317,317
Q16769-1,3SI0,N-Linked,N,A,49,49
O00584-1,3T0O,N-Linked,N,A,76,76
O00584-1,3T0O,N-Linked,N,A,212,212
O15455-1,3ULV,N-Linked,N,A,52,52
O15455-1,3ULV,N-Linked,N,A,70,70
O15455-1,3ULV,N-Linked,N,A,124,124
O15455-1,3ULV,N-Linked,N,A,247,247
O15455-1,3ULV,N-Linked,N,A,252,252
O15455-1,3ULV,N-Linked,N,A,265,265
O15455-1,3ULV,N-Linked,N,A,275,275
O15455-1,3ULV,N-Linked,N,A,291,291
O15455-1,3ULV,N-Linked,N,A,398,398
O15455-1,3ULV,N-Linked,N,A,413,413
O15455-1,3ULV,N-Linked,N,A,507,507
O14788-1,3URF,N-Linked,N,Z,157,157
P21453-1,3V2Y,N-Linked,N,A,30,30
P48357-1,3V6O,N-Linked,N,F,22,22
Q76LX8-1,3VN4,N-Linked,N,A,552,552
Q76LX8-1,3VN4,N-Linked,N,A,614,614
P16278-1,3WF4,N-Linked,N,B,247,247
P16278-1,3WF4,N-Linked,N,A,247,247
P16278-1,3WF4,N-Linked,N,C,247,247
P16278-1,3WF4,N-Linked,N,D,247,247
P16278-1,3WF4,N-Linked,N,C,464,464
P16278-1,3WF4,N-Linked,N,B,464,464
P16278-1,3WF4,N-Linked,N,D,464,464
P16278-1,3WF4,N-Linked,N,A,464,464
P16278-1,3WF4,N-Linked,N,C,498,498
P16278-1,3WF4,N-Linked,N,B,498,498
P16278-1,3WF4,N-Linked,N,D,498,498
P16278-1,3WF4,N-Linked,N,A,498,498
P16278-1,3WF4,N-Linked,N,D,555,555
P16278-1,3WF4,N-Linked,N,B,555,555
P16278-1,3WF4,N-Linked,N,A,555,555
P16278-1,3WF4,N-Linked,N,C,555,555
Q92673-1,3WSZ,N-Linked,N,A,158,158
Q92673-1,3WSZ,N-Linked,N,A,430,430
Q92673-1,3WSZ,N-Linked,N,A,616,616
Q92673-1,3WSZ,N-Linked,N,A,674,674
Q9HBW1-1,3ZYI,N-Linked,N,B,122,122
Q9HBW1-1,3ZYI,N-Linked,N,A,363,363
P01023-1,4ACQ,N-Linked,N,A,55,55
P01023-1,4ACQ,N-Linked,N,B,55,55
P01023-1,4ACQ,N-Linked,N,C,55,55
P01023-1,4ACQ,N-Linked,N,D,55,55
P01023-1,4ACQ,N-Linked,N,A,70,70
P01023-1,4ACQ,N-Linked,N,B,70,70
P01023-1,4ACQ,N-Linked,N,C,70,70
P01023-1,4ACQ,N-Linked,N,D,70,70
P01023-1,4ACQ,N-Linked,N,A,247,247
P01023-1,4ACQ,N-Linked,N,B,247,247
P01023-1,4ACQ,N-Linked,N,C,247,247
P01023-1,4ACQ,N-Linked,N,D,247,247
P01023-1,4ACQ,N-Linked,N,A,396,396
P01023-1,4ACQ,N-Linked,N,B,396,396
P01023-1,4ACQ,N-Linked,N,C,396,396
P01023-1,4ACQ,N-Linked,N,D,396,396
P01023-1,4ACQ,N-Linked,N,A,410,410
P01023-1,4ACQ,N-Linked,N,B,410,410
P01023-1,4ACQ,N-Linked,N,C,410,410
P01023-1,4ACQ,N-Linked,N,D,410,410
P01023-1,4ACQ,N-Linked,N,A,869,869
P01023-1,4ACQ,N-Linked,N,B,869,869
P01023-1,4ACQ,N-Linked,N,C,869,869
P01023-1,4ACQ,N-Linked,N,D,869,869
P01023-1,4ACQ,N-Linked,N,A,976,976
P01023-1,4ACQ,N-Linked,N,B,976,976
P01023-1,4ACQ,N-Linked,N,C,976,976
P01023-1,4ACQ,N-Linked,N,D,976,976
P01023-1,4ACQ,N-Linked,N,A,991,991
P01023-1,4ACQ,N-Linked,N,B,991,991
P01023-1,4ACQ,N-Linked,N,C,991,991
P01023-1,4ACQ,N-Linked,N,D,991,991
Q08345-1,4AG4,N-Linked,N,A,211,211
Q08345-1,4AG4,N-Linked,N,A,260,260
Q9UQV4-1,4AKM,N-Linked,N,A,291,291
Q9UQV4-1,4AKM,N-Linked,N,B,291,291
Q9Y2G5-3,4AP6,N-Linked,N,B,189,189
Q9Y2G5-3,4AP6,N-Linked,N,C,189,189
Q9Y2G5-3,4AP6,N-Linked,N,A,209,209
Q9Y2G5-3,4AP6,N-Linked,N,B,209,209
Q9Y2G5-3,4AP6,N-Linked,N,C,209,209
Q9Y2G5-3,4AP6,N-Linked,N,B,259,259
P48740-1,4AQB,N-Linked,N,A,49,49
P48740-1,4AQB,N-Linked,N,A,159,159
P48740-1,4AQB,N-Linked,N,A,178,178
P35916-2,4BSK,N-Linked,N,A,33,33
P35916-2,4BSK,N-Linked,N,A,104,104
P35916-2,4BSK,N-Linked,N,A,166,166
P35916-2,4BSK,N-Linked,N,C,175,175
P35916-2,4BSK,N-Linked,N,C,205,205
O75473-1,4BSU,N-Linked,N,A,77,77
O75473-1,4BSU,N-Linked,N,B,77,77
O75473-1,4BSU,N-Linked,N,F,77,77
O75473-1,4BSU,N-Linked,N,A,208,208
O75473-1,4BSU,N-Linked,N,E,208,208
O75473-1,4BSU,N-Linked,N,F,208,208
Q16853-1,4BTY,N-Linked,N,A,137,137
Q16853-1,4BTY,N-Linked,N,B,137,137
Q16853-1,4BTY,N-Linked,N,A,232,232
Q16853-1,4BTY,N-Linked,N,B,232,232
Q16853-1,4BTY,N-Linked,N,A,294,294
Q16853-1,4BTY,N-Linked,N,A,470,470
Q16853-1,4BTY,N-Linked,N,B,470,470
Q16853-1,4BTY,N-Linked,N,A,592,592
Q16853-1,4BTY,N-Linked,N,A,666,666
Q16853-1,4BTY,N-Linked,N,B,666,666
P78504-1,4CC1,N-Linked,N,A,217,217
P78504-1,4CC1,N-Linked,N,B,217,217
Q13641-1,4CNM,N-Linked,N,A,81,81
Q13641-1,4CNM,N-Linked,N,A,124,124
Q13641-1,4CNM,N-Linked,N,A,243,243
Q13641-1,4CNM,N-Linked,N,A,256,256
Q13641-1,4CNM,N-Linked,N,A,275,275
O95497-1,4CYY,N-Linked,N,A,38,38
O95497-1,4CYY,N-Linked,N,A,130,130
O95497-1,4CYY,N-Linked,N,A,200,200
O95497-1,4CYY,N-Linked,N,A,315,315
O95497-1,4CYY,N-Linked,N,A,353,353
O43854-1,4D90,N-Linked,N,B,119,119
O43854-1,4D90,N-Linked,N,A,119,119
O43854-1,4D90,N-Linked,N,B,140,140
O43854-1,4D90,N-Linked,N,A,140,140
Q6ZMJ4-1,4DKF,N-Linked,N,A,76,76
Q6ZMJ4-1,4DKF,N-Linked,N,B,76,76
O60242-1,4DLO,N-Linked,N,A,540,540
O60242-1,4DLO,N-Linked,N,B,540,540
O60242-1,4DLO,N-Linked,N,B,625,625
O60242-1,4DLO,N-Linked,N,A,625,625
P17050-1,4DO6,N-Linked,N,A,124,124
P17050-1,4DO6,N-Linked,N,B,124,124
P17050-1,4DO6,N-Linked,N,A,177,177
P17050-1,4DO6,N-Linked,N,B,177,177
P17050-1,4DO6,N-Linked,N,A,385,385
P17050-1,4DO6,N-Linked,N,B,385,385
P01031-1,4E0S,N-Linked,N,B,138,138
P01031-1,4E0S,N-Linked,N,B,303,303
P01031-1,4E0S,N-Linked,N,A,911,911
Q9UHL4-1,4EBB,N-Linked,N,A,315,315
Q9UHL4-1,4EBB,N-Linked,N,A,363,363
Q9UHL4-1,4EBB,N-Linked,N,B,363,363
P34059-1,4FDJ,N-Linked,N,B,204,204
P34059-1,4FDJ,N-Linked,N,A,204,204
P34059-1,4FDJ,N-Linked,N,B,289,289
P34059-1,4FDJ,N-Linked,N,A,289,289
P34059-1,4FDJ,N-Linked,N,B,423,423
P34059-1,4FDJ,N-Linked,N,A,423,423
Q9NQS3-1,4FOM,N-Linked,N,A,73,73
Q9NQS3-1,4FOM,N-Linked,N,A,125,125
Q9NQS3-1,4FOM,N-Linked,N,A,186,186
Q9NQS3-1,4FOM,N-Linked,N,A,222,222
Q9NQS3-1,4FOM,N-Linked,N,A,331,331
O00206-1,4G8A,N-Linked,N,C,114,114
O00206-1,4G8A,N-Linked,N,D,114,114
O00206-1,4G8A,N-Linked,N,B,173,173
O00206-1,4G8A,N-Linked,N,A,173,173
O00206-1,4G8A,N-Linked,N,B,526,526
O00206-1,4G8A,N-Linked,N,A,526,526
O00206-1,4G8A,N-Linked,N,B,575,575
O00206-1,4G8A,N-Linked,N,A,575,575
Q7Z7D3-1,4GOS,N-Linked,N,A,112,112
Q16820-1,4GWN,N-Linked,N,A,218,218
Q16820-1,4GWN,N-Linked,N,A,254,254
Q16820-1,4GWN,N-Linked,N,A,370,370
Q16820-1,4GWN,N-Linked,N,A,436,436
Q16820-1,4GWN,N-Linked,N,A,445,445
Q16820-1,4GWN,N-Linked,N,A,547,547
Q16820-1,4GWN,N-Linked,N,A,592,592
P21589-1,4H1S,N-Linked,N,B,117,117
P21589-1,4H1S,N-Linked,N,A,117,117
P21589-1,4H1S,N-Linked,N,A,311,311
P21589-1,4H1S,N-Linked,N,B,311,311
Q6UVW9-1,4IOP,N-Linked,N,A,78,78
Q6UVW9-1,4IOP,N-Linked,N,A,130,130
P15907-1,4JS2,N-Linked,N,A,149,149
P26951-1,4JZJ,N-Linked,N,C,46,46
P26951-1,4JZJ,N-Linked,N,C,80,80
P26951-1,4JZJ,N-Linked,N,D,80,80
P26951-1,4JZJ,N-Linked,N,D,109,109
O95760-1,4KC3,N-Linked,N,B,95,95
O95760-1,4KC3,N-Linked,N,B,140,140
O95760-1,4KC3,N-Linked,N,B,191,191
O95760-1,4KC3,N-Linked,N,A,222,222
O95407-1,4KGQ,N-Linked,N,C,173,173
O95407-1,4KGQ,N-Linked,N,D,173,173
P14207-1,4KN2,N-Linked,N,C,106,106
P14207-1,4KN2,N-Linked,N,B,195,195
P14207-1,4KN2,N-Linked,N,C,195,195
P14207-1,4KN2,N-Linked,N,A,195,195
O75473-1,4KNG,N-Linked,N,B,208,208
O75473-1,4KNG,N-Linked,N,A,208,208
Q07075-1,4KXD,N-Linked,N,A,197,197
Q07075-1,4KXD,N-Linked,N,A,324,324
Q07075-1,4KXD,N-Linked,N,A,554,554
Q07075-1,4KXD,N-Linked,N,A,597,597
Q07075-1,4KXD,N-Linked,N,A,678,678
Q07075-1,4KXD,N-Linked,N,A,763,763
Q07075-1,4KXD,N-Linked,N,A,801,801
Q07075-1,4KXD,N-Linked,N,A,828,828
P29320-1,4L0P,N-Linked,N,B,37,37
Q9Y6X5-1,4LR2,N-Linked,N,A,155,155
Q9Y6X5-1,4LR2,N-Linked,N,A,166,166
Q9Y6X5-1,4LR2,N-Linked,N,A,386,386
P54764-1,4M4R,N-Linked,N,H,37,37
P54764-1,4M4R,N-Linked,N,F,37,37
P54764-1,4M4R,N-Linked,N,D,37,37
P54764-1,4M4R,N-Linked,N,B,37,37
P54764-1,4M4R,N-Linked,N,A,340,340
P54764-1,4M4R,N-Linked,N,E,340,340
P54764-1,4M4R,N-Linked,N,G,340,340
P54764-1,4M4R,N-Linked,N,A,408,408
P54764-1,4M4R,N-Linked,N,C,408,408
P54764-1,4M4R,N-Linked,N,E,408,408
P54764-1,4M4R,N-Linked,N,G,408,408
Q8N539-1,4M7H,N-Linked,N,A,340,340
Q8N539-1,4M7H,N-Linked,N,B,399,399
Q8N539-1,4M7H,N-Linked,N,A,399,399
P51688-1,4MIV,N-Linked,N,B,41,41
P51688-1,4MIV,N-Linked,N,C,41,41
P51688-1,4MIV,N-Linked,N,A,41,41
P51688-1,4MIV,N-Linked,N,G,41,41
P51688-1,4MIV,N-Linked,N,D,41,41
P51688-1,4MIV,N-Linked,N,E,41,41
P51688-1,4MIV,N-Linked,N,F,41,41
P51688-1,4MIV,N-Linked,N,D,151,151
P51688-1,4MIV,N-Linked,N,A,151,151
P51688-1,4MIV,N-Linked,N,C,151,151
P51688-1,4MIV,N-Linked,N,E,151,151
P51688-1,4MIV,N-Linked,N,B,151,151
P51688-1,4MIV,N-Linked,N,F,151,151
P51688-1,4MIV,N-Linked,N,G,151,151
P51688-1,4MIV,N-Linked,N,H,151,151
P51688-1,4MIV,N-Linked,N,H,264,264
P51688-1,4MIV,N-Linked,N,F,264,264
P51688-1,4MIV,N-Linked,N,B,264,264
P51688-1,4MIV,N-Linked,N,G,264,264
P51688-1,4MIV,N-Linked,N,D,264,264
P51688-1,4MIV,N-Linked,N,C,264,264
P51688-1,4MIV,N-Linked,N,A,264,264
P51688-1,4MIV,N-Linked,N,E,274,274
P51688-1,4MIV,N-Linked,N,C,274,274
P51688-1,4MIV,N-Linked,N,B,274,274
P51688-1,4MIV,N-Linked,N,G,274,274
P51688-1,4MIV,N-Linked,N,A,274,274
P51688-1,4MIV,N-Linked,N,F,274,274
P51688-1,4MIV,N-Linked,N,H,274,274
P51688-1,4MIV,N-Linked,N,A,413,413
P51688-1,4MIV,N-Linked,N,B,413,413
P51688-1,4MIV,N-Linked,N,C,413,413
P51688-1,4MIV,N-Linked,N,H,413,413
P51688-1,4MIV,N-Linked,N,F,413,413
P51688-1,4MIV,N-Linked,N,D,413,413
Q9UBS5-1,4MS4,N-Linked,N,B,404,404
Q99538-1,4N6O,N-Linked,N,A,167,167
Q99538-1,4N6O,N-Linked,N,A,272,272
Q8NBP7-1,4NE9,N-Linked,N,B,533,533
Q8NBP7-1,4NE9,N-Linked,N,A,533,533
P06280-1,4NXS,N-Linked,N,B,139,139
P06280-1,4NXS,N-Linked,N,A,139,139
P06280-1,4NXS,N-Linked,N,A,192,192
P06280-1,4NXS,N-Linked,N,B,192,192
P06280-1,4NXS,N-Linked,N,B,215,215
P06280-1,4NXS,N-Linked,N,A,215,215
P14210-1,4O3T,N-Linked,N,B,106,106
P35475-1,4OBS,N-Linked,N,A,110,110
P35475-1,4OBS,N-Linked,N,A,372,372
P35475-1,4OBS,N-Linked,N,A,415,415
P21860-1,4P59,N-Linked,N,A,250,250
P21860-1,4P59,N-Linked,N,A,353,353
P21860-1,4P59,N-Linked,N,A,408,408
P21860-1,4P59,N-Linked,N,A,414,414
P21860-1,4P59,N-Linked,N,A,437,437
Q13332-1,4PBX,N-Linked,N,A,250,250
Q13332-1,4PBX,N-Linked,N,A,295,295
P10721-1,4PGZ,N-Linked,N,C,320,320
P10721-1,4PGZ,N-Linked,N,A,320,320
P10721-1,4PGZ,N-Linked,N,B,320,320
Q9UHP7-1,4QKJ,N-Linked,N,A,95,95
Q04912-1,4QT8,N-Linked,N,B,488,488
Q04912-1,4QT8,N-Linked,N,A,488,488
Q9BXB1-1,4QXE,N-Linked,N,A,68,68
Q9BXB1-1,4QXE,N-Linked,N,A,199,199
Q9BXB1-1,4QXE,N-Linked,N,A,294,294
Q13478-1,4R6U,N-Linked,N,C,197,197
Q13478-1,4R6U,N-Linked,N,A,197,197
Q13478-1,4R6U,N-Linked,N,C,203,203
Q13478-1,4R6U,N-Linked,N,A,203,203
Q13478-1,4R6U,N-Linked,N,C,236,236
Q13478-1,4R6U,N-Linked,N,A,236,236
Q13478-1,4R6U,N-Linked,N,A,297,297
Q13478-1,4R6U,N-Linked,N,C,297,297
P23468-1,4RCA,N-Linked,N,B,253,253
P23468-1,4RCA,N-Linked,N,A,254,254
P23468-1,4RCA,N-Linked,N,A,299,299
O43557-1,4RSU,N-Linked,N,D,110,110
O43557-1,4RSU,N-Linked,N,L,110,110
O43557-1,4RSU,N-Linked,N,K,110,110
O43557-1,4RSU,N-Linked,N,J,110,110
O43557-1,4RSU,N-Linked,N,E,110,110
Q14108-1,4TW2,N-Linked,N,A,68,68
Q14108-1,4TW2,N-Linked,N,B,68,68
Q14108-1,4TW2,N-Linked,N,A,206,206
Q14108-1,4TW2,N-Linked,N,B,206,206
Q14108-1,4TW2,N-Linked,N,A,224,224
Q14108-1,4TW2,N-Linked,N,B,224,224
Q14108-1,4TW2,N-Linked,N,A,249,249
Q14108-1,4TW2,N-Linked,N,B,249,249
Q14108-1,4TW2,N-Linked,N,A,304,304
Q14108-1,4TW2,N-Linked,N,A,325,325
Q14108-1,4TW2,N-Linked,N,B,325,325
Q14108-1,4TW2,N-Linked,N,A,412,412
Q14108-1,4TW2,N-Linked,N,B,412,412
Q9UQQ1-1,4TWE,N-Linked,N,A,136,136
Q9UQQ1-1,4TWE,N-Linked,N,B,136,136
Q9UQQ1-1,4TWE,N-Linked,N,A,299,299
Q9UQQ1-1,4TWE,N-Linked,N,B,299,299
Q9UQQ1-1,4TWE,N-Linked,N,A,334,334
Q9UQQ1-1,4TWE,N-Linked,N,B,334,334
Q9UQQ1-1,4TWE,N-Linked,N,A,345,345
Q9UQQ1-1,4TWE,N-Linked,N,B,345,345
Q9UQQ1-1,4TWE,N-Linked,N,A,451,451
Q9UQQ1-1,4TWE,N-Linked,N,B,451,451
Q9UQQ1-1,4TWE,N-Linked,N,A,492,492
Q9UQQ1-1,4TWE,N-Linked,N,B,492,492
O95069-1,4TWK,N-Linked,N,B,95,95
Q96JA1-1,4U7M,N-Linked,N,A,684,684
O75473-1,4UFR,N-Linked,N,A,208,208
O95631-1,4URT,N-Linked,N,A,95,95
O95631-1,4URT,N-Linked,N,A,131,131
P07949-1,4UX8,N-Linked,N,F,49,49
P07949-1,4UX8,N-Linked,N,D,49,49
Q6P988-1,4UZQ,N-Linked,N,A,96,96
Q6ZN44-1,4V2A,N-Linked,N,A,58,58
Q6ZN44-1,4V2A,N-Linked,N,A,218,218
Q9NR71-1,4WGK,N-Linked,N,B,151,151
Q9NR71-1,4WGK,N-Linked,N,A,217,217
Q9NR71-1,4WGK,N-Linked,N,B,217,217
Q9NR71-1,4WGK,N-Linked,N,A,308,308
Q9NR71-1,4WGK,N-Linked,N,B,308,308
Q9NR71-1,4WGK,N-Linked,N,A,440,440
Q9NR71-1,4WGK,N-Linked,N,A,730,730
Q9NR71-1,4WGK,N-Linked,N,B,730,730
P07333-1,4WRL,N-Linked,N,A,45,45
P07333-1,4WRL,N-Linked,N,C,45,45
P07333-1,4WRL,N-Linked,N,A,73,73
P07333-1,4WRL,N-Linked,N,C,73,73
P07333-1,4WRL,N-Linked,N,A,153,153
P07333-1,4WRL,N-Linked,N,C,153,153
P07333-1,4WRL,N-Linked,N,A,275,275
P07333-1,4WRL,N-Linked,N,C,275,275
P54802-1,4XWH,N-Linked,N,A,261,261
P54802-1,4XWH,N-Linked,N,A,272,272
P54802-1,4XWH,N-Linked,N,A,435,435
P54802-1,4XWH,N-Linked,N,A,503,503
P54802-1,4XWH,N-Linked,N,A,526,526
P54802-1,4XWH,N-Linked,N,A,532,532
P41271-1,4YU8,N-Linked,N,A,39,39
P35052-1,4YWT,N-Linked,N,A,116,116
P35052-1,4YWT,N-Linked,N,B,116,116
P35052-1,4YWT,N-Linked,N,C,116,116
P35052-1,4YWT,N-Linked,N,D,116,116
P09172-1,4ZEL,N-Linked,N,A,64,64
P09172-1,4ZEL,N-Linked,N,B,64,64
P09172-1,4ZEL,N-Linked,N,A,184,184
P09172-1,4ZEL,N-Linked,N,B,344,344
P09172-1,4ZEL,N-Linked,N,A,566,566
P09172-1,4ZEL,N-Linked,N,B,566,566
P12314-1,4ZNE,N-Linked,N,A,59,59
P12314-1,4ZNE,N-Linked,N,A,78,78
P12314-1,4ZNE,N-Linked,N,A,152,152
P12314-1,4ZNE,N-Linked,N,A,159,159
P12314-1,4ZNE,N-Linked,N,A,163,163
P12314-1,4ZNE,N-Linked,N,E,297,297
P12314-1,4ZNE,N-Linked,N,J,297,297
P30203-1,5A2E,N-Linked,N,A,229,229
Q13740-1,5A2F,N-Linked,N,A,95,95
Q13740-1,5A2F,N-Linked,N,A,167,167
Q92542-1,5A63,N-Linked,N,A,45,45
Q92542-1,5A63,N-Linked,N,A,55,55
Q92542-1,5A63,N-Linked,N,A,187,187
Q92542-1,5A63,N-Linked,N,A,264,264
Q92542-1,5A63,N-Linked,N,A,387,387
Q92542-1,5A63,N-Linked,N,A,435,435
Q92542-1,5A63,N-Linked,N,A,464,464
Q92542-1,5A63,N-Linked,N,A,506,506
Q92542-1,5A63,N-Linked,N,A,530,530
Q92542-1,5A63,N-Linked,N,A,562,562
Q92542-1,5A63,N-Linked,N,A,573,573
P23141-1,5A7G,N-Linked,N,A,79,79
O43157-1,5B4W,N-Linked,N,B,31,31
O43157-1,5B4W,N-Linked,N,A,334,334
O43157-1,5B4W,N-Linked,N,B,334,334
O43157-1,5B4W,N-Linked,N,C,334,334
O43157-1,5B4W,N-Linked,N,D,334,334
O43157-1,5B4W,N-Linked,N,E,334,334
O43157-1,5B4W,N-Linked,N,F,334,334
Q00604-1,5BQE,N-Linked,N,C,144,144
P07686-1,5BRO,N-Linked,N,A,142,142
P07686-1,5BRO,N-Linked,N,A,190,190
Q14831-1,5C5C,N-Linked,N,A,98,98
Q14831-1,5C5C,N-Linked,N,A,470,470
Q9NZU0-1,5CMN,N-Linked,N,A,226,226
Q9NZU0-1,5CMN,N-Linked,N,B,226,226
Q9NZU0-1,5CMN,N-Linked,N,C,226,226
Q9NZU0-1,5CMN,N-Linked,N,D,226,226
Q9NZU0-1,5CMN,N-Linked,N,E,312,312
Q9NZU0-1,5CMN,N-Linked,N,F,312,312
Q9NZU0-1,5CMN,N-Linked,N,G,312,312
Q9NZU0-1,5CMN,N-Linked,N,H,312,312
Q9NZU0-1,5CMP,N-Linked,N,A,226,226
Q9NZU0-1,5CMP,N-Linked,N,B,226,226
Q9NZU0-1,5CMP,N-Linked,N,C,226,226
Q9NZU0-1,5CMP,N-Linked,N,D,226,226
O43173-1,5CXY,N-Linked,N,A,93,93
O43173-1,5CXY,N-Linked,N,B,93,93
O43173-1,5CXY,N-Linked,N,A,113,113
O43173-1,5CXY,N-Linked,N,B,113,113
O43173-1,5CXY,N-Linked,N,A,160,160
O43173-1,5CXY,N-Linked,N,B,160,160
O43173-1,5CXY,N-Linked,N,A,206,206
O43173-1,5CXY,N-Linked,N,B,206,206
P32927-1,5DWU,N-Linked,N,A,58,58
P32927-1,5DWU,N-Linked,N,A,191,191
Q92484-1,5EBE,N-Linked,N,A,69,69
Q92484-1,5EBE,N-Linked,N,B,69,69
Q92484-1,5EBE,N-Linked,N,C,69,69
Q92484-1,5EBE,N-Linked,N,A,131,131
Q92484-1,5EBE,N-Linked,N,B,131,131
Q92484-1,5EBE,N-Linked,N,C,131,131
Q92484-1,5EBE,N-Linked,N,A,151,151
Q92484-1,5EBE,N-Linked,N,B,151,151
Q92484-1,5EBE,N-Linked,N,C,151,151
Q92484-1,5EBE,N-Linked,N,A,263,263
Q92484-1,5EBE,N-Linked,N,B,263,263
Q92484-1,5EBE,N-Linked,N,C,263,263
Q92484-1,5EBE,N-Linked,N,B,356,356
Q92484-1,5EBE,N-Linked,N,C,356,356
P38484-1,5EH1,N-Linked,N,A,85,85
P38484-1,5EH1,N-Linked,N,A,110,110
P38484-1,5EH1,N-Linked,N,A,137,137
Q9NZC2-1,5ELI,N-Linked,N,A,79,79
Q9NZC2-1,5ELI,N-Linked,N,B,79,79
Q9UBG0-1,5EW6,N-Linked,N,A,69,69
Q9UBG0-1,5EW6,N-Linked,N,A,348,348
Q9UBG0-1,5EW6,N-Linked,N,A,472,472
Q9UBG0-1,5EW6,N-Linked,N,A,473,473
Q9UBG0-1,5EW6,N-Linked,N,A,497,497
Q04609-1,5F09,N-Linked,N,A,76,76
Q04609-1,5F09,N-Linked,N,A,121,121
Q04609-1,5F09,N-Linked,N,A,140,140
Q04609-1,5F09,N-Linked,N,A,195,195
Q04609-1,5F09,N-Linked,N,A,459,459
Q04609-1,5F09,N-Linked,N,A,476,476
Q04609-1,5F09,N-Linked,N,A,638,638
P01024-1,5FO8,N-Linked,N,A,85,85
P01024-1,5FO8,N-Linked,N,B,939,939
P01024-1,5FO9,N-Linked,N,A,85,85
P01024-1,5FO9,N-Linked,N,D,85,85
P22304-1,5FQL,N-Linked,N,A,115,115
P22304-1,5FQL,N-Linked,N,A,144,144
P22304-1,5FQL,N-Linked,N,A,246,246
P22304-1,5FQL,N-Linked,N,A,280,280
P22304-1,5FQL,N-Linked,N,A,325,325
P22304-1,5FQL,N-Linked,N,A,513,513
P22304-1,5FQL,N-Linked,N,A,537,537
Q96MU8-1,5FWV,N-Linked,N,A,45,45
Q96MU8-1,5FWV,N-Linked,N,A,59,59
Q9NR97-1,5HDH,N-Linked,N,A,285,285
Q9NR97-1,5HDH,N-Linked,N,A,293,293
Q9NR97-1,5HDH,N-Linked,N,A,395,395
Q9NR97-1,5HDH,N-Linked,N,A,416,416
Q9NR97-1,5HDH,N-Linked,N,A,511,511
Q9NR97-1,5HDH,N-Linked,N,A,546,546
Q9NR97-1,5HDH,N-Linked,N,A,582,582
Q9NR97-1,5HDH,N-Linked,N,A,590,590
Q9NR97-1,5HDH,N-Linked,N,A,640,640
P69905-1,5HU6,N-Linked,N,C,184,184
P69905-1,5HU6,N-Linked,N,C,241,241
P01031-1,5I5K,N-Linked,N,B,911,911
P01031-1,5I5K,N-Linked,N,A,911,911
P31645-1,5I75,N-Linked,N,A,208,208
P31645-1,5I75,N-Linked,N,A,217,217
P20138-1,5J0B,N-Linked,N,A,100,100
P20138-1,5J0B,N-Linked,N,B,100,100
P20138-1,5J0B,N-Linked,N,C,100,100
P20138-1,5J0B,N-Linked,N,D,100,100
P20138-1,5J0B,N-Linked,N,A,160,160
P20138-1,5J0B,N-Linked,N,B,160,160
P20138-1,5J0B,N-Linked,N,C,160,160
P20138-1,5J0B,N-Linked,N,D,160,160
P20138-1,5J0B,N-Linked,N,A,209,209
P20138-1,5J0B,N-Linked,N,B,209,209
P20138-1,5J0B,N-Linked,N,C,209,209
P20138-1,5J0B,N-Linked,N,D,209,209
Q969D9-1,5J11,N-Linked,N,C,55,55
Q969D9-1,5J11,N-Linked,N,C,169,169
Q969D9-1,5J12,N-Linked,N,C,47,47
Q969D9-1,5J12,N-Linked,N,C,55,55
Q969D9-1,5J12,N-Linked,N,A,119,119
O75129-1,5J68,N-Linked,N,A,719,719
O75129-1,5J68,N-Linked,N,A,732,732
P17405-1,5JG8,N-Linked,N,A,86,86
P17405-1,5JG8,N-Linked,N,B,86,86
P17405-1,5JG8,N-Linked,N,A,175,175
P17405-1,5JG8,N-Linked,N,B,175,175
P17405-1,5JG8,N-Linked,N,A,318,318
P17405-1,5JG8,N-Linked,N,B,318,318
P17405-1,5JG8,N-Linked,N,A,335,335
P17405-1,5JG8,N-Linked,N,B,335,335
P17405-1,5JG8,N-Linked,N,A,395,395
P17405-1,5JG8,N-Linked,N,B,395,395
P17405-1,5JG8,N-Linked,N,A,503,503
P17405-1,5JG8,N-Linked,N,B,503,503
P17405-1,5JG8,N-Linked,N,A,520,520
P17405-1,5JG8,N-Linked,N,B,520,520
Q8IYV9-1,5JKE,N-Linked,N,B,73,73
Q8IYV9-1,5JKE,N-Linked,N,D,73,73
Q8IYV9-1,5JKE,N-Linked,N,A,204,204
Q8IYV9-1,5JKE,N-Linked,N,C,204,204
P09958-1,5JMO,N-Linked,N,A,208,208
P09958-1,5JMO,N-Linked,N,B,208,208
P09958-1,5JMO,N-Linked,N,A,387,387
P09958-1,5JMO,N-Linked,N,B,387,387
P09958-1,5JMO,N-Linked,N,A,440,440
P09958-1,5JMO,N-Linked,N,B,440,440
P0C0L4-1,5JPM,N-Linked,N,A,226,226
P0C0L4-1,5JPM,N-Linked,N,D,226,226
P0C0L4-1,5JPM,N-Linked,N,B,862,862
P0C0L4-1,5JPM,N-Linked,N,E,862,862
P0C0L4-1,5JTW,N-Linked,N,A,226,226
P0C0L4-1,5JTW,N-Linked,N,D,226,226
P0C0L4-1,5JTW,N-Linked,N,B,862,862
P0C0L4-1,5JTW,N-Linked,N,E,862,862
Q6P179-1,5K1V,N-Linked,N,A,85,85
Q6P179-1,5K1V,N-Linked,N,B,85,85
Q6P179-1,5K1V,N-Linked,N,A,103,103
Q6P179-1,5K1V,N-Linked,N,B,103,103
Q6P179-1,5K1V,N-Linked,N,A,219,219
Q6P179-1,5K1V,N-Linked,N,B,219,219
Q6P179-1,5K1V,N-Linked,N,A,294,294
Q6P179-1,5K1V,N-Linked,N,B,294,294
Q6P179-1,5K1V,N-Linked,N,A,405,405
Q6P179-1,5K1V,N-Linked,N,B,405,405
Q6P179-1,5K1V,N-Linked,N,A,431,431
Q6P179-1,5K1V,N-Linked,N,B,431,431
Q6P179-1,5K1V,N-Linked,N,A,650,650
Q6P179-1,5K1V,N-Linked,N,B,650,650
Q6P179-1,5K1V,N-Linked,N,A,714,714
P41180-1,5K5T,N-Linked,N,A,261,261
P41180-1,5K5T,N-Linked,N,A,287,287
P41180-1,5K5T,N-Linked,N,A,446,446
P41180-1,5K5T,N-Linked,N,A,468,468
P41180-1,5K5T,N-Linked,N,A,488,488
P41180-1,5K5T,N-Linked,N,A,541,541
P41180-1,5K5T,N-Linked,N,A,594,594
O15118-1,5KWY,N-Linked,N,C,58,58
O15118-1,5KWY,N-Linked,N,D,58,58
O15118-1,5KWY,N-Linked,N,C,135,135
O15118-1,5KWY,N-Linked,N,D,135,135
Q14416-1,5KZQ,N-Linked,N,A,203,203
P10253-1,5KZX,N-Linked,N,A,140,140
P10253-1,5KZX,N-Linked,N,A,233,233
P10253-1,5KZX,N-Linked,N,A,390,390
P10253-1,5KZX,N-Linked,N,A,470,470
P10253-1,5KZX,N-Linked,N,A,652,652
P10253-1,5KZX,N-Linked,N,A,882,882
Q8NBL1-1,5L0S,N-Linked,N,A,40,40
Q8NBL1-1,5L0S,N-Linked,N,A,53,53
Q8NBL1-1,5L0S,N-Linked,N,A,204,204
Q9Y251-1,5LA7,N-Linked,N,A,162,162
Q9Y251-1,5LA7,N-Linked,N,A,200,200
Q9Y251-1,5LA7,N-Linked,N,A,238,238
Q9Y251-1,5LA7,N-Linked,N,A,459,459
P16671-1,5LGD,N-Linked,N,A,79,79
P16671-1,5LGD,N-Linked,N,A,102,102
P16671-1,5LGD,N-Linked,N,A,134,134
P16671-1,5LGD,N-Linked,N,A,205,205
P16671-1,5LGD,N-Linked,N,A,220,220
P16671-1,5LGD,N-Linked,N,A,235,235
P16671-1,5LGD,N-Linked,N,A,247,247
P16671-1,5LGD,N-Linked,N,A,321,321
P16671-1,5LGD,N-Linked,N,A,417,417
P15144-1,5LHD,N-Linked,N,A,128,128
P15144-1,5LHD,N-Linked,N,B,128,128
P15144-1,5LHD,N-Linked,N,C,128,128
P15144-1,5LHD,N-Linked,N,D,128,128
P15144-1,5LHD,N-Linked,N,A,234,234
P15144-1,5LHD,N-Linked,N,B,234,234
P15144-1,5LHD,N-Linked,N,C,234,234
P15144-1,5LHD,N-Linked,N,D,234,234
P15144-1,5LHD,N-Linked,N,A,265,265
P15144-1,5LHD,N-Linked,N,B,265,265
P15144-1,5LHD,N-Linked,N,C,265,265
P15144-1,5LHD,N-Linked,N,D,265,265
P15144-1,5LHD,N-Linked,N,A,319,319
P15144-1,5LHD,N-Linked,N,B,319,319
P15144-1,5LHD,N-Linked,N,C,319,319
P15144-1,5LHD,N-Linked,N,D,319,319
P15144-1,5LHD,N-Linked,N,A,527,527
P15144-1,5LHD,N-Linked,N,B,527,527
P15144-1,5LHD,N-Linked,N,C,527,527
P15144-1,5LHD,N-Linked,N,D,527,527
P15144-1,5LHD,N-Linked,N,C,573,573
P15144-1,5LHD,N-Linked,N,D,573,573
P15144-1,5LHD,N-Linked,N,A,625,625
P15144-1,5LHD,N-Linked,N,B,625,625
P15144-1,5LHD,N-Linked,N,C,625,625
P15144-1,5LHD,N-Linked,N,D,625,625
P15144-1,5LHD,N-Linked,N,A,681,681
P15144-1,5LHD,N-Linked,N,B,681,681
P15144-1,5LHD,N-Linked,N,C,681,681
P15144-1,5LHD,N-Linked,N,D,681,681
P15144-1,5LHD,N-Linked,N,C,735,735
P15144-1,5LHD,N-Linked,N,D,735,735
P15144-1,5LHD,N-Linked,N,A,818,818
P15144-1,5LHD,N-Linked,N,B,818,818
P15144-1,5LHD,N-Linked,N,D,818,818
P08581-1,5LSP,N-Linked,N,A,635,635
P08581-1,5LSP,N-Linked,N,P,635,635
Q99538-1,5LUB,N-Linked,N,B,91,91
Q99538-1,5LUB,N-Linked,N,A,91,91
Q99538-1,5LUB,N-Linked,N,A,167,167
Q99538-1,5LUB,N-Linked,N,B,272,272
Q99538-1,5LUB,N-Linked,N,A,272,272
P17643-1,5M8T,N-Linked,N,A,96,96
P17643-1,5M8T,N-Linked,N,B,96,96
P17643-1,5M8T,N-Linked,N,C,96,96
P17643-1,5M8T,N-Linked,N,D,96,96
P17643-1,5M8T,N-Linked,N,C,104,104
P17643-1,5M8T,N-Linked,N,A,181,181
P17643-1,5M8T,N-Linked,N,B,181,181
P17643-1,5M8T,N-Linked,N,C,181,181
P17643-1,5M8T,N-Linked,N,D,181,181
P17643-1,5M8T,N-Linked,N,A,304,304
P17643-1,5M8T,N-Linked,N,B,304,304
P17643-1,5M8T,N-Linked,N,C,304,304
P17643-1,5M8T,N-Linked,N,D,304,304
P17643-1,5M8T,N-Linked,N,A,350,350
P17643-1,5M8T,N-Linked,N,B,350,350
P17643-1,5M8T,N-Linked,N,C,350,350
P17643-1,5M8T,N-Linked,N,D,350,350
P17643-1,5M8T,N-Linked,N,A,385,385
P17643-1,5M8T,N-Linked,N,B,385,385
P17643-1,5M8T,N-Linked,N,C,385,385
P17643-1,5M8T,N-Linked,N,D,385,385
Q13822-1,5MHP,N-Linked,N,A,411,411
Q13822-1,5MHP,N-Linked,N,A,525,525
P29460-1,5MJ4,N-Linked,N,A,222,222
Q9UIQ6-1,5MJ6,N-Linked,N,A,184,184
Q9UIQ6-1,5MJ6,N-Linked,N,B,184,184
Q9UIQ6-1,5MJ6,N-Linked,N,A,215,215
Q9UIQ6-1,5MJ6,N-Linked,N,B,215,215
Q9UIQ6-1,5MJ6,N-Linked,N,A,256,256
Q9UIQ6-1,5MJ6,N-Linked,N,B,256,256
Q9UIQ6-1,5MJ6,N-Linked,N,A,266,266
Q9UIQ6-1,5MJ6,N-Linked,N,B,266,266
Q9UIQ6-1,5MJ6,N-Linked,N,A,368,368
Q9UIQ6-1,5MJ6,N-Linked,N,B,368,368
Q9UIQ6-1,5MJ6,N-Linked,N,A,374,374
Q9UIQ6-1,5MJ6,N-Linked,N,B,374,374
Q9UIQ6-1,5MJ6,N-Linked,N,A,448,448
Q9UIQ6-1,5MJ6,N-Linked,N,B,448,448
Q9UIQ6-1,5MJ6,N-Linked,N,A,525,525
Q9UIQ6-1,5MJ6,N-Linked,N,A,578,578
Q9UIQ6-1,5MJ6,N-Linked,N,B,578,578
Q9UIQ6-1,5MJ6,N-Linked,N,B,598,598
Q9UIQ6-1,5MJ6,N-Linked,N,A,664,664
Q9UIQ6-1,5MJ6,N-Linked,N,B,664,664
Q9UIQ6-1,5MJ6,N-Linked,N,A,682,682
Q9UIQ6-1,5MJ6,N-Linked,N,B,682,682
Q9UIQ6-1,5MJ6,N-Linked,N,A,760,760
Q9UIQ6-1,5MJ6,N-Linked,N,B,760,760
Q9UIQ6-1,5MJ6,N-Linked,N,A,834,834
Q9UIQ6-1,5MJ6,N-Linked,N,B,834,834
Q9UIQ6-1,5MJ6,N-Linked,N,A,850,850
Q9UIQ6-1,5MJ6,N-Linked,N,B,850,850
Q13563-1,5MKF,N-Linked,N,A,328,328
Q13563-1,5MKF,N-Linked,N,B,328,328
Q13563-1,5MKF,N-Linked,N,C,328,328
Q13563-1,5MKF,N-Linked,N,D,328,328
Q13563-1,5MKF,N-Linked,N,A,362,362
Q13563-1,5MKF,N-Linked,N,B,362,362
Q13563-1,5MKF,N-Linked,N,C,362,362
Q13563-1,5MKF,N-Linked,N,D,362,362
Q13563-1,5MKF,N-Linked,N,A,681,681
Q13563-1,5MKF,N-Linked,N,B,681,681
Q13563-1,5MKF,N-Linked,N,C,681,681
Q13563-1,5MKF,N-Linked,N,D,681,681
Q9Y219-1,5MWF,N-Linked,N,A,153,153
Q9Y219-1,5MWF,N-Linked,N,B,153,153
Q9Y219-1,5MWF,N-Linked,N,C,153,153
Q9Y219-1,5MWF,N-Linked,N,E,153,153
Q9Y219-1,5MWF,N-Linked,N,F,153,153
Q06828-1,5MX0,N-Linked,N,A,127,127
Q06828-1,5MX0,N-Linked,N,B,127,127
Q06828-1,5MX0,N-Linked,N,A,166,166
Q06828-1,5MX0,N-Linked,N,B,166,166
Q06828-1,5MX0,N-Linked,N,A,201,201
Q06828-1,5MX0,N-Linked,N,B,201,201
Q06828-1,5MX0,N-Linked,N,A,291,291
Q06828-1,5MX0,N-Linked,N,B,291,291
P04626-1,5MY6,N-Linked,N,A,259,259
Q02763-1,5MYB,N-Linked,N,A,560,560
Q02763-1,5MYB,N-Linked,N,B,560,560
Q02763-1,5MYB,N-Linked,N,A,596,596
Q02763-1,5MYB,N-Linked,N,B,596,596
Q02763-1,5MYB,N-Linked,N,A,649,649
Q02763-1,5MYB,N-Linked,N,B,649,649
Q16552-1,5NAN,N-Linked,N,C,54,54
Q16552-1,5NAN,N-Linked,N,E,83,83
Q16552-1,5NAN,N-Linked,N,F,83,83
Q16552-1,5NAN,N-Linked,N,B,225,225
Q16552-1,5NAN,N-Linked,N,C,225,225
Q16552-1,5NAN,N-Linked,N,C,265,265
Q9UNQ0-1,5NJG,N-Linked,N,A,596,596
Q9UNQ0-1,5NJG,N-Linked,N,B,596,596
P43220-1,5NX2,N-Linked,N,A,63,63
P43220-1,5NX2,N-Linked,N,A,82,82
P01024-1,5O35,N-Linked,N,B,939,939
Q8N2Q7-1,5OJK,N-Linked,N,A,109,109
Q8N2Q7-1,5OJK,N-Linked,N,B,109,109
P56373-1,5SVT,N-Linked,N,A,170,170
P56373-1,5SVT,N-Linked,N,A,194,194
P56373-1,5SVT,N-Linked,N,A,290,290
Q08334-1,5T5W,N-Linked,N,B,9,9
Q08334-1,5T5W,N-Linked,N,B,16,16
Q08334-1,5T5W,N-Linked,N,B,122,122
O15118-1,5U74,N-Linked,N,A,452,452
O15118-1,5U74,N-Linked,N,A,459,459
O15118-1,5U74,N-Linked,N,A,478,478
O15118-1,5U74,N-Linked,N,A,524,524
O15118-1,5U74,N-Linked,N,A,557,557
O15118-1,5U74,N-Linked,N,A,598,598
O15118-1,5U74,N-Linked,N,A,916,916
O15118-1,5U74,N-Linked,N,A,931,931
O15118-1,5U74,N-Linked,N,A,961,961
O15118-1,5U74,N-Linked,N,A,968,968
Q8NBL1-1,5UB5,N-Linked,N,A,53,53
Q8NBL1-1,5UB5,N-Linked,N,A,204,204
Q8NBL1-1,5UB5,N-Linked,N,A,373,373
Q6UWV6-1,5UDY,N-Linked,N,A,100,100
Q6UWV6-1,5UDY,N-Linked,N,A,121,121
Q6UWV6-1,5UDY,N-Linked,N,A,146,146
Q6UWV6-1,5UDY,N-Linked,N,A,168,168
Q9ULV1-1,5UWG,N-Linked,N,A,59,59
Q9ULV1-1,5UWG,N-Linked,N,A,144,144
Q9ULV1-1,5UWG,N-Linked,N,B,144,144
Q9H488-1,5UXH,N-Linked,N,A,62,62
Q9H488-1,5UXH,N-Linked,N,B,62,62
P19440-1,5V4Q,N-Linked,N,A,95,95
P19440-1,5V4Q,N-Linked,N,A,120,120
P19440-1,5V4Q,N-Linked,N,A,230,230
P19440-1,5V4Q,N-Linked,N,A,266,266
P19440-1,5V4Q,N-Linked,N,A,344,344
P19440-1,5V4Q,N-Linked,N,B,511,511
Q495A1-1,5V52,N-Linked,N,C,137,137
Q99835-1,5V56,N-Linked,N,A,493,493
Q9UJA9-1,5VEM,N-Linked,N,B,101,101
Q9UJA9-1,5VEM,N-Linked,N,A,158,158
Q9UJA9-1,5VEM,N-Linked,N,B,158,158
Q9UJA9-1,5VEM,N-Linked,N,A,292,292
Q9UJA9-1,5VEM,N-Linked,N,B,292,292
Q9UJA9-1,5VEM,N-Linked,N,C,292,292
Q9UJA9-1,5VEM,N-Linked,N,A,369,369
Q9UJA9-1,5VEM,N-Linked,N,B,369,369
Q9UJA9-1,5VEM,N-Linked,N,C,369,369
Q9UJA9-1,5VEM,N-Linked,N,B,382,382
Q9UJA9-1,5VEM,N-Linked,N,A,389,389
Q9UJA9-1,5VEM,N-Linked,N,B,389,389
Q9UJA9-1,5VEM,N-Linked,N,C,389,389
P20273-1,5VL3,N-Linked,N,Q,101,101
P20273-1,5VL3,N-Linked,N,R,101,101
P20273-1,5VL3,N-Linked,N,S,101,101
P20273-1,5VL3,N-Linked,N,T,101,101
P20273-1,5VL3,N-Linked,N,Q,231,231
P20273-1,5VL3,N-Linked,N,R,231,231
P20273-1,5VL3,N-Linked,N,S,231,231
P20273-1,5VL3,N-Linked,N,T,231,231
P08100-1,5W0P,N-Linked,N,A,15,15
P08100-1,5W0P,N-Linked,N,B,15,15
P08100-1,5W0P,N-Linked,N,C,15,15
P08100-1,5W0P,N-Linked,N,D,15,15
Q96MK3-1,5WRS,N-Linked,N,A,287,287
Q96MK3-1,5WRS,N-Linked,N,B,287,287
Q96MK3-1,5WRS,N-Linked,N,A,388,388
Q96MK3-1,5WRS,N-Linked,N,B,388,388
Q8NFZ4-1,5XEQ,N-Linked,N,B,235,235
Q8NFZ4-1,5XEQ,N-Linked,N,B,257,257
Q8NFZ4-1,5XEQ,N-Linked,N,B,307,307
Q8NFZ4-1,5XEQ,N-Linked,N,A,522,522
P47871-1,5XEZ,N-Linked,N,A,46,46
P47871-1,5XEZ,N-Linked,N,B,46,46
P47871-1,5XEZ,N-Linked,N,A,59,59
P47871-1,5XEZ,N-Linked,N,B,59,59
P47871-1,5XEZ,N-Linked,N,A,74,74
P47871-1,5XEZ,N-Linked,N,B,74,74
P47871-1,5XEZ,N-Linked,N,A,78,78
P47871-1,5XEZ,N-Linked,N,B,78,78
O95477-1,5XJY,N-Linked,N,A,98,98
O95477-1,5XJY,N-Linked,N,A,400,400
O95477-1,5XJY,N-Linked,N,A,489,489
O95477-1,5XJY,N-Linked,N,A,521,521
P27487-1,6B1O,N-Linked,N,A,85,85
P27487-1,6B1O,N-Linked,N,B,85,85
P27487-1,6B1O,N-Linked,N,A,150,150
P27487-1,6B1O,N-Linked,N,B,150,150
P27487-1,6B1O,N-Linked,N,A,219,219
P27487-1,6B1O,N-Linked,N,B,219,219
P27487-1,6B1O,N-Linked,N,A,229,229
P27487-1,6B1O,N-Linked,N,B,229,229
P27487-1,6B1O,N-Linked,N,A,281,281
P27487-1,6B1O,N-Linked,N,B,281,281
P27487-1,6B1O,N-Linked,N,A,321,321
P27487-1,6B1O,N-Linked,N,B,321,321
